time_s,x_m,y_m,z_m
0.0,-6.8952342171342025,24.62191509021156,1.4210854715202004e-14
0.018566131591796875,-3.279437987958829,26.780701319916062,1.4210854715202004e-14
0.03813600540161133,-2.3335282910657043,27.177309453677765,1.4210854715202004e-14
0.058509111404418945,-1.595019111346062,27.41238352170464,-1.4210854715202004e-14
0.07924318313598633,2.660307806274602,29.82812270673719,1.4210854715202004e-14
0.09801816940307617,4.404259831448826,30.83920364308318,0.0
0.11895203590393066,5.960727655615472,31.829833982296492,0.0
0.13849902153015137,8.544533034596782,34.01584946576028,0.0
0.15868496894836426,9.17629180989536,35.39717401742408,0.0
0.17841196060180664,13.459345481232901,38.52254869579761,0.0
0.20136499404907227,15.633375764341963,39.88821808483388,0.0
0.22077512741088867,10.782296693402486,38.76163191392939,0.0
0.23828506469726562,11.989004874576551,39.506661801047215,1.4210854715202004e-14
0.258695125579834,15.126606785113097,41.6208125280729,-1.4210854715202004e-14
0.27823400497436523,19.18071200034956,45.51599524383241,1.4210854715202004e-14
0.29803013801574707,22.094216720548587,47.17462988263969,-1.4210854715202004e-14
0.3183591365814209,12.390637587589481,44.83000311513655,0.0
0.33885717391967773,16.134200925595962,47.16803900000559,0.0
0.35841798782348633,9.974766101292687,45.84617418693723,0.0
0.3779871463775635,11.882126186465712,47.067469980730834,0.0
0.39844512939453125,7.63313158931436,46.45440776697666,1.4210854715202004e-14
0.41835618019104004,2.2989989875255787,45.184725848266055,1.4210854715202004e-14
0.43798017501831055,7.477254520045506,48.22744458699309,1.4210854715202004e-14
0.4593939781188965,4.251038177476801,48.25954056802185,0.0
0.47800207138061523,6.060117757314913,49.47915660592719,-1.4210854715202004e-14
0.5057611465454102,3.177149004510227,49.388526478412516,0.0
0.5178999900817871,5.497595267795873,50.820926973286674,-1.4210854715202004e-14
0.5382289886474609,9.270337383163508,54.940420478440885,0.0
0.5579721927642822,11.130730736881276,56.33903770959684,0.0
0.5782730579376221,10.613504220781465,57.782250159530165,-1.4210854715202004e-14
0.5989241600036621,6.800805276993515,58.01197070228321,0.0
0.618117094039917,6.504348698512899,59.40238680780402,0.0
0.637937068939209,10.807458001502823,61.84119852105455,1.4210854715202004e-14
0.6581640243530273,6.171065533809667,61.30551016844598,-1.4210854715202004e-14
0.6784820556640625,7.395402891449294,63.01300609930773,0.0
0.6978700160980225,10.613688699091313,64.8852598183683,1.4210854715202004e-14
0.719041109085083,8.248023225378347,65.02556373519673,0.0
0.7379531860351562,10.967710319327352,66.67947404964667,-1.4210854715202004e-14
0.7585179805755615,11.184490145101279,67.72070714298619,1.4210854715202004e-14
0.7786331176757812,12.996257874417495,68.89827501902195,0.0
0.7985851764678955,13.417776890414189,70.45042661111204,-1.4210854715202004e-14
0.8179161548614502,17.249942954760456,72.4344149239823,0.0
0.8381681442260742,16.000515350006765,73.00446144328873,0.0
0.8594331741333008,11.442937099049914,72.14322470003103,0.0
0.8783071041107178,9.786726427806968,71.97471350531278,0.0
0.8979840278625488,13.556079363023855,73.52920350098351,0.0
0.9182360172271729,10.655982038474406,72.88904626630274,1.4210854715202004e-14
0.9379901885986328,15.225945111374756,74.60674406922064,0.0
0.9581961631774902,12.148152711119963,73.75116380407133,1.4210854715202004e-14
0.9788739681243896,9.587608282593692,73.04666053998557,0.0
0.9982960224151611,13.192088661333969,74.63748601568163,1.4210854715202004e-14
1.0234901905059814,17.90098072433932,76.5813760881545,0.0
1.0381290912628174,13.615516118193739,75.30001395746461,0.0
1.058629035949707,13.79181472258216,75.79164585443765,1.4210854715202004e-14
1.0781700611114502,16.81221411200528,77.15193583317382,0.0
1.0993671417236328,19.198047496687764,78.12228602595475,0.0
1.1189420223236084,25.32021996409165,74.96577004467134,0.0
1.138146162033081,28.599566193892485,76.49782688014481,0.0
1.158337116241455,26.429861305662058,75.19088650202781,1.4210854715202004e-14
1.1782140731811523,23.049192657529403,74.31995515983864,0.0
1.1979620456695557,25.46429945982294,75.4463817220071,-1.4210854715202004e-14
1.2202470302581787,20.556061074871252,73.78317495024442,-1.4210854715202004e-14
1.2383301258087158,21.391534304586088,74.93442933731154,0.0
1.2580890655517578,26.034143483274505,77.0374978932335,0.0
1.279008150100708,25.469157120116392,76.79243346559936,0.0
1.299079179763794,29.17266795823224,78.22217557791635,0.0
1.3191630840301514,24.485732752756093,76.42587346456938,-1.4210854715202004e-14
1.337954044342041,26.817553429193083,77.50926543258923,0.0
1.358997106552124,24.284054256769252,76.68874979031723,-1.4210854715202004e-14
1.3779840469360352,28.69831254853753,78.51802211798226,0.0
1.3982980251312256,23.72761790416675,76.45682127380692,0.0
1.4203071594238281,20.83044253073794,75.5237704729286,0.0
1.4380300045013428,22.93301493655042,76.17933889246058,0.0
1.4579510688781738,26.41270230176991,77.46673755539108,0.0
1.4786980152130127,27.31369264310854,77.76843893194112,-1.4210854715202004e-14
1.4985949993133545,27.736549302440864,78.21480092427957,-1.4210854715202004e-14
1.5180091857910156,29.081372107827406,78.84854384115967,0.0
1.5423121452331543,30.11094847193138,80.11738582281781,0.0
1.5578420162200928,32.259879152441755,81.13767193829447,0.0
1.5801119804382324,30.423212659616325,81.23157577492545,0.0
1.5990691184997559,27.895897973960956,81.32598062287997,0.0
1.6184790134429932,30.070973399393836,82.51928563746064,1.4210854715202004e-14
1.639963150024414,21.4532947100233,80.13350694933473,0.0
1.6579229831695557,21.937202007104986,80.56940651353398,0.0
1.6788179874420166,22.63710658552688,80.936059766952,1.4210854715202004e-14
1.6988210678100586,22.693236781542254,80.99602005208291,-1.4210854715202004e-14
1.7185449600219727,21.50059983608179,80.3769136448405,-1.4210854715202004e-14
1.7379779815673828,21.700374180171394,80.48695047743595,0.0
1.7595040798187256,16.2758925835995,78.41648476804362,1.4210854715202004e-14
1.7807960510253906,15.826100354322818,77.96247725110499,1.4210854715202004e-14
1.7985901832580566,10.5486520696669,75.5747178281695,0.0
1.818796157836914,10.034514460195737,74.94747626764955,-1.4210854715202004e-14
1.8382940292358398,7.089160416025379,73.77768614287136,-1.4210854715202004e-14
1.858896017074585,-0.6562750014307426,71.72539176393907,0.0
1.878026008605957,-0.6423825624115693,71.73778756198746,1.4210854715202004e-14
1.8994181156158447,-6.1917857967386,69.71069524359895,-1.4210854715202004e-14
1.9179511070251465,-6.767888235500209,69.34677026172284,0.0
1.938892126083374,-11.08549588516064,68.2053197629279,1.4210854715202004e-14
1.9580941200256348,-10.82093140928572,68.13809994142326,0.0
1.9782111644744873,-11.005261197296022,67.91227991383056,0.0
1.9986519813537598,-14.862948734853376,66.92805850061788,1.4210854715202004e-14
2.0191781520843506,-15.458083184322788,66.67910780791975,-1.4210854715202004e-14
2.039431095123291,-15.953868027102885,66.34362184642444,1.4210854715202004e-14
2.0593421459198,-15.12579541460309,66.44102944226996,0.0
2.077955961227417,-15.065213372176345,66.15530406081722,1.4210854715202004e-14
2.0998830795288086,-13.493258123446708,66.29926218525404,0.0
2.1195290088653564,-16.501934113129323,65.57495512686349,1.4210854715202004e-14
2.138702154159546,-13.879217076816417,66.09976619625759,0.0
2.1583139896392822,-13.799978489173554,66.09194727144923,-1.4210854715202004e-14
2.1791889667510986,-12.137862149372381,65.85074183597354,1.4210854715202004e-14
2.198568105697632,-12.752153862836849,65.62849666603043,0.0
2.219006061553955,-8.18466051876129,67.17959208940042,-1.4210854715202004e-14
2.239454984664917,-11.82810819397082,65.76664825220877,1.4210854715202004e-14
2.2578890323638916,-13.419408761454577,65.11355673972253,0.0
2.2784230709075928,-14.962294370707127,64.53421013104648,0.0
2.2983031272888184,-15.842103555997255,63.98576023377039,-1.4210854715202004e-14
2.3197760581970215,-17.069826354331667,63.30547251067304,1.4210854715202004e-14
2.338642120361328,-16.6630427801432,63.070737449250615,0.0
2.358894109725952,-18.69821486475672,61.837731521337176,0.0
2.3781189918518066,-19.820483221074767,62.15216603515928,0.0
2.3988051414489746,-23.930249607481528,60.94763698102011,0.0
2.417978048324585,-23.697524340442612,60.75018900210452,1.4210854715202004e-14
2.4383440017700195,-23.400692884414354,60.491269903414334,0.0
2.458199977874756,-23.889291317457094,60.06907507187769,-1.4210854715202004e-14
2.478391170501709,-25.138977376309015,59.57739747155682,-1.4210854715202004e-14
2.498110055923462,-31.814025293599116,57.15063143845737,0.0
2.519989013671875,-33.5861451119643,56.23213922937188,1.4210854715202004e-14
2.538299083709717,-30.449717428889414,57.02564401844501,0.0
2.5597801208496094,-31.977004722033712,56.262428808100026,0.0
2.5869300365448,-37.45201271207054,53.75850072367027,0.0
2.598349094390869,-37.69876655542447,53.50099450341564,0.0
2.617913007736206,-37.64708093180661,53.198360519863755,0.0
2.6383111476898193,-35.62848454979786,54.34468963208904,0.0
2.657952070236206,-35.27165485428429,54.136530401237124,0.0
2.678987979888916,-31.173960044540536,55.44001610575883,0.0
2.6981611251831055,-30.824579025103617,55.48750845779692,0.0
2.720759153366089,-29.151622770125243,55.9040905791457,1.4210854715202004e-14
2.739586114883423,-29.767317808793848,55.541181100459454,0.0
2.757841110229492,-29.800300213321577,55.492321176090954,0.0
2.778712034225464,-28.793662201087955,55.531509540960016,0.0
2.7978761196136475,-28.397271778576,55.791292727569484,0.0
2.82045316696167,-28.861871020787646,55.71776494125811,0.0
2.839388132095337,-27.745306979537702,56.51963213155473,-1.4210854715202004e-14
2.8587450981140137,-27.20062693061226,57.64304494270037,1.4210854715202004e-14
2.8779211044311523,-26.505218574237915,57.92306774138197,0.0
2.8984320163726807,-22.254417281180167,59.33087472155239,0.0
2.917999029159546,-21.96410353566762,59.38104380474164,0.0
2.9381661415100098,-22.104822432108733,59.16420445908554,0.0
2.9612929821014404,-22.19620507967096,58.83512834853087,0.0
2.979793071746826,-27.7392039901506,56.5790682646054,0.0
2.998274087905884,-27.727546105534714,56.58097966236599,0.0
3.0188701152801514,-29.47490358793499,55.51520278055183,0.0
3.0379691123962402,-31.551142508928876,54.606320308866955,0.0
3.05845308303833,-29.63698362316876,55.08281879080002,0.0
3.0780181884765625,-29.853554515621227,55.104476921137774,1.4210854715202004e-14
3.0992941856384277,-35.47416906871939,53.153914631064225,-1.4210854715202004e-14
3.1195850372314453,-40.887626932128114,51.330885645376796,0.0
3.1381311416625977,-43.21353723992712,50.705264524208474,1.4210854715202004e-14
3.1582231521606445,-43.843838324301714,50.82566313957007,0.0
3.1793100833892822,-45.66372006509812,50.39921935487301,0.0
3.198573112487793,-45.7491225232468,50.47783262218377,0.0
3.2192859649658203,-47.312173863928535,50.606405302412526,0.0
3.2382240295410156,-42.74369004699014,52.348146384477445,1.4210854715202004e-14
3.257927179336548,-43.30694736669176,52.044371329156704,0.0
3.278654098510742,-37.20878806900174,54.375361831057205,-1.4210854715202004e-14
3.298336982727051,-36.65073996510529,54.4716561261601,-1.4210854715202004e-14
3.3195719718933105,-31.471817706497973,56.084136288063405,-1.4210854715202004e-14
3.342578172683716,-32.442051158769914,55.519675091002654,1.4210854715202004e-14
3.3581759929656982,-31.230954060769193,55.9286401911566,1.4210854715202004e-14
3.3782601356506348,-32.52513121670938,54.758782995780734,0.0
3.398200035095215,-32.72643246849822,53.82240101078612,0.0
3.4179279804229736,-33.578445146829665,52.958614730814006,0.0
3.4388060569763184,-36.497848431684645,52.09255915605215,0.0
3.4580609798431396,-36.137463643579736,52.06399047957849,0.0
3.4788830280303955,-38.844399354356426,50.24582741312058,0.0
3.498394012451172,-37.82408893893734,50.84883420587221,0.0
3.520536184310913,-40.45906051094005,50.00603266559483,0.0
3.538135051727295,-40.89349843187699,49.76757872337596,1.4210854715202004e-14
3.5579450130462646,-40.220981811324634,49.91528567736087,0.0
3.5780131816864014,-40.694072043806784,49.645399386968606,0.0
3.607393980026245,-38.264072884147595,49.965083648912355,1.4210854715202004e-14
3.6179580688476562,-37.762368321649205,49.95790043437219,1.4210854715202004e-14
3.6387951374053955,-36.232716342956905,50.67866210886689,-1.4210854715202004e-14
3.657971143722534,-36.0678838502547,50.59933481769704,0.0
3.6789729595184326,-37.43933819819591,49.52881830368719,0.0
3.6982030868530273,-33.86620213088298,51.144007252292624,0.0
3.718677043914795,-37.35262823941622,49.93872448428104,-1.4210854715202004e-14
3.73852801322937,-42.20635003048392,48.05515474340487,0.0
3.7578911781311035,-42.43448907134746,47.7204134913508,0.0
3.779208183288574,-45.66754916598666,46.31328857469953,0.0
3.8003549575805664,-48.57416008158043,44.40324441128473,0.0
3.817970037460327,-48.556331794822825,44.39906050212372,0.0
3.845461130142212,-46.85489118646149,44.773011116731254,0.0
3.8601951599121094,-43.793733993510614,45.54543526580386,0.0
3.8781020641326904,-42.43877371603526,45.67229208872769,0.0
3.8981590270996094,-41.33187345852252,45.752989399624184,-1.4210854715202004e-14
3.9196929931640625,-39.60295642804857,46.261256202414415,0.0
3.9388880729675293,-41.49721752098429,44.564310705644814,0.0
3.9579951763153076,-42.207879136292775,44.01484862012673,0.0
3.9797720909118652,-41.83035588008852,43.65445784825316,1.4210854715202004e-14
3.998924970626831,-40.942823959290195,43.87113296538328,0.0
4.018330097198486,-41.688111594653776,43.54970236584501,1.4210854715202004e-14
4.038118124008179,-41.58431082488789,43.577575864107104,0.0
4.058007001876831,-42.18398994728034,43.33785583517948,0.0
4.082540035247803,-41.56257059686243,43.385089342162686,0.0
4.098150968551636,-41.09335488787468,43.6514457709862,0.0
4.118749141693115,-42.91783945329905,43.33262737011695,0.0
4.13830304145813,-43.18469836320975,43.55781027231568,0.0
4.158383131027222,-45.36935258937348,42.60865201103172,0.0
4.178336143493652,-44.448034272868426,43.11178459921487,0.0
4.198110103607178,-45.64035013100522,43.470938516718505,0.0
4.218008041381836,-46.0001575545341,43.12425182636672,-1.4210854715202004e-14
4.238234043121338,-45.87247069297797,43.89843853251075,1.4210854715202004e-14
4.2589850425720215,-44.7190100258353,44.62371857847262,0.0
4.279124021530151,-45.99106286099146,45.196625151224254,-1.4210854715202004e-14
4.299075126647949,-46.52660922331887,44.76866883775122,0.0
4.319004058837891,-49.134788620033476,44.53132381348355,0.0
4.337985038757324,-49.70781696620196,44.33727006233981,1.4210854715202004e-14
4.358527183532715,-51.32586068911775,44.42926922846502,-1.4210854715202004e-14
4.378138065338135,-51.42438344380923,44.29811195923621,0.0
4.3980021476745605,-50.20271617954751,44.57420967937894,1.4210854715202004e-14
4.418473958969116,-49.654894436354255,44.8222913041288,0.0
4.438781023025513,-44.30287212685852,46.41026003562247,0.0
4.457921981811523,-44.80884864375196,46.170454887142014,-1.4210854715202004e-14
4.47854208946228,-44.037906623398555,46.625879448291386,-1.4210854715202004e-14
4.498116970062256,-44.95567836642692,46.25502746791767,1.4210854715202004e-14
4.517940998077393,-44.816239221738556,46.193884188250095,0.0
4.538225173950195,-46.115417955300586,45.01537328503443,1.4210854715202004e-14
4.559457063674927,-45.85326741268244,44.80088041164355,0.0
4.579630136489868,-44.393171603398685,45.2845687534017,0.0
4.598304033279419,-45.27633308738427,44.74761979557715,0.0
4.61798095703125,-44.29026159503428,44.98256565947983,-1.4210854715202004e-14
4.639368057250977,-44.20630717066143,44.05389796750559,0.0
4.658132076263428,-46.12069995311856,43.42946483775857,0.0
4.677963018417358,-46.32222727911369,43.046450182908984,1.4210854715202004e-14
4.698191165924072,-48.04853862929929,42.281522239251956,0.0
4.718151092529297,-49.52538344025305,40.76795244342571,0.0
4.738077163696289,-49.99768251337764,40.315206897709345,0.0
4.757975101470947,-50.99873569451643,39.56200540390792,0.0
4.779045104980469,-54.281764324128346,37.67525367821554,1.4210854715202004e-14
4.798624038696289,-57.67950596659284,35.82078043684122,0.0
4.81953501701355,-57.4975108458969,35.5620823095485,0.0
4.844711065292358,-60.74106639783457,33.53563277242809,0.0
4.857840061187744,-63.35912131844049,32.48412918231665,-1.4210854715202004e-14
4.878926038742065,-62.95574067303892,31.3791151826388,1.4210854715202004e-14
4.898401975631714,-63.773428114792296,29.46205882280512,0.0
4.9187281131744385,-64.40507725726485,26.485950569966803,0.0
4.938503980636597,-64.08273184058356,25.49892250802688,0.0
4.959089040756226,-64.01730080697223,24.89117197312362,0.0
4.979959964752197,-61.86591808292576,23.980950991453682,0.0
4.9992029666900635,-61.529004633631985,23.44538838559356,0.0
5.019679069519043,-61.51123551806154,22.837955700456604,0.0
5.038365125656128,-61.51234622429109,22.734513618674498,0.0
5.058133125305176,-63.07716185019956,20.88663974931066,0.0
5.079442024230957,-62.585297590588425,21.232455938000413,0.0
5.09876012802124,-62.59680420821752,21.04795284252785,0.0
5.118591070175171,-61.157194579837494,20.51141732546759,0.0
5.138836145401001,-55.66572274876444,22.48882031586345,0.0
5.158121109008789,-50.65575388368535,24.072646570727073,0.0
5.17842698097229,-49.431715703998066,25.037809049643243,0.0
5.198714971542358,-45.185336281533466,27.184265319315358,0.0
5.218378067016602,-44.16875239797929,27.64429405199016,-1.4210854715202004e-14
5.238671064376831,-41.037226940256915,29.154054288741293,0.0
5.257934093475342,-40.75593076495551,29.30039731220228,0.0
5.280683994293213,-38.983076250240856,29.919962277277932,0.0
5.299509048461914,-42.77403916048024,28.177198358806066,0.0
5.318432092666626,-42.559506406069374,28.358254515521253,0.0
5.338795185089111,-43.54975585134025,28.0268813797924,-1.4210854715202004e-14
5.3579511642456055,-47.36367115261328,26.842351126848968,0.0
5.381752014160156,-47.09353954840918,27.466734709501708,0.0
5.399569988250732,-49.18327779341024,27.31606811248278,0.0
5.419851064682007,-49.78664368194126,28.17573959193831,0.0
5.43882417678833,-48.59292129494753,28.91810190190094,0.0
5.4584081172943115,-45.883336805637214,30.780689042604422,0.0
5.478556156158447,-45.60098642636052,31.202505618699547,1.4210854715202004e-14
5.498471021652222,-40.97335747133047,34.67881773441739,0.0
5.518032073974609,-40.811356865809046,35.05677015255611,0.0
5.53823709487915,-40.26536299639457,35.68298406219267,-1.4210854715202004e-14
5.55870509147644,-45.40791092607134,33.97707415154129,0.0
5.578986167907715,-45.69334475935284,33.78567853549691,0.0
5.599605083465576,-45.958530884183745,33.44130176734892,0.0
5.618405103683472,-48.10770916406915,32.13943237120215,1.4210854715202004e-14
5.638058185577393,-49.26375236328698,31.789535340568037,0.0
5.658271074295044,-57.850734725920745,29.791894341396016,0.0
5.678184986114502,-61.330905080185005,28.098449868926565,0.0
5.69991397857666,-63.02821596524814,27.37344740462575,1.4210854715202004e-14
5.721542119979858,-64.09131891275467,26.481768220132324,0.0
5.738088130950928,-67.8108255177483,25.1887918246631,0.0
5.7579710483551025,-67.41355727598983,25.098636695543007,-1.4210854715202004e-14
5.779213190078735,-66.43914463974608,25.8992520242723,0.0
5.799126148223877,-67.66591415111577,25.385606028791045,0.0
5.820569038391113,-67.49583837213186,25.397589808248085,0.0
5.847066164016724,-65.99003673886773,25.1125729408341,1.4210854715202004e-14
5.85811710357666,-66.27986037435755,24.91704732543252,0.0
5.878779172897339,-65.01251692764879,25.152478824101507,0.0
5.89815616607666,-65.99365225748483,25.09474917045557,0.0
5.919561147689819,-67.09108528189961,24.9282398944961,0.0
5.939507007598877,-67.4319585143985,25.37925865149765,0.0
5.958160161972046,-66.17275050532288,25.98435687911831,0.0
5.980273962020874,-64.06866282079204,27.014406331317616,0.0
5.997969150543213,-63.96817376892665,27.70470680479019,0.0
6.019243001937866,-63.180427924012406,28.290047371407866,0.0
6.040013074874878,-63.34517235610929,28.26217785582378,0.0
6.05831503868103,-65.0425533666749,28.035386869186453,0.0
6.083696126937866,-67.11666296008718,27.41887312583856,-1.4210854715202004e-14
6.098113059997559,-67.78105582421995,27.569686673310343,0.0
6.118342161178589,-67.69863510191374,27.82450740045607,0.0
6.137871980667114,-69.14909539593691,27.209825053157573,0.0
6.159615993499756,-71.83431016239496,27.311849619327177,0.0
6.1789710521698,-73.7256614329334,28.460899001460007,0.0
6.198261976242065,-73.96695197729827,28.582265399531963,0.0
6.2183921337127686,-71.98263015968371,30.173678518371574,1.4210854715202004e-14
6.237961053848267,-72.42229303276679,30.106387592128982,0.0
6.258268117904663,-68.46298017878775,31.857501637028236,0.0
6.279256105422974,-65.70042422873746,33.32764581645644,0.0
6.298117160797119,-64.80844420794386,33.43205791772522,0.0
6.319327116012573,-64.23178834831555,33.4743670508268,0.0
6.34431004524231,-63.115495314516295,34.241965677054324,0.0
6.358007192611694,-63.37531420267379,34.09357562371764,0.0
6.3821120262146,-63.65973643759071,33.584855655163935,0.0
6.3980700969696045,-64.1022513868163,32.9468564116185,0.0
6.419504165649414,-65.2233355434957,31.48846149537735,0.0
6.437949180603027,-65.40102110425494,30.798768633604723,0.0
6.458391189575195,-71.83303662257447,26.849339791393078,0.0
6.478206157684326,-71.40305139774767,26.221748740467916,0.0
6.498401165008545,-71.98143517221627,25.472864589065836,0.0
6.518042087554932,-71.75412993270317,24.695210829814556,0.0
6.53870415687561,-74.41030716999893,22.233628383677,-1.4210854715202004e-14
6.558041095733643,-74.3121678920063,22.035659139921876,0.0
6.57946515083313,-78.28524312417062,19.3379842656488,0.0
6.59810209274292,-78.81764880748307,18.9110439430668,1.4210854715202004e-14
6.62207818031311,-79.14574060014957,18.95043446228354,0.0
6.639019012451172,-82.54057431488565,17.17275674138324,1.4210854715202004e-14
6.657828092575073,-82.2179402426903,17.036481238319595,0.0
6.678740978240967,-78.21847768422998,17.558905209612305,0.0
6.698747158050537,-77.3502172553508,17.83690381637402,0.0
6.7187981605529785,-78.26232930863648,16.14276729327105,-1.4210854715202004e-14
6.738041162490845,-77.52612502920033,16.422155505271775,0.0
6.758095979690552,-77.42798716562345,15.980161453949563,0.0
6.778443098068237,-78.14856034195924,15.39379089257065,0.0
6.799092054367065,-78.17465533836099,14.950887175733186,1.4210854715202004e-14
6.819468021392822,-79.90796789793171,14.35133787715057,0.0
6.839440107345581,-79.83013950046438,14.585525742782522,0.0
6.8622260093688965,-78.96908639286409,14.270264951531829,0.0
6.877856969833374,-78.87270927532188,14.188818257013509,0.0
6.898360013961792,-77.19523565773517,14.50864392709795,0.0
6.91808009147644,-78.08203387462419,13.910784567417409,0.0
6.939136981964111,-81.55932499510749,12.646566084210292,0.0
6.958171129226685,-83.62092511485349,12.331737515042704,0.0
6.980914115905762,-85.78764197645279,10.954188097699102,0.0
6.997956991195679,-86.62024782052708,10.762248936386783,0.0
7.02078104019165,-89.73671612586872,9.529369506478446,0.0
7.039057970046997,-93.27526027698252,7.962785780297338,0.0
7.058736085891724,-93.18037050699911,8.026098574153536,0.0
7.080278158187866,-89.24125105082953,9.861929932899699,0.0
7.098199129104614,-88.55143868047219,10.273220473220533,0.0
7.125823020935059,-89.6472928556978,9.850101215058316,0.0
7.138996124267578,-89.27139675879357,10.860492941217501,0.0
7.15789008140564,-90.44783304036139,11.048077159554396,0.0
7.178197145462036,-88.09547280938358,12.492331482649092,1.4210854715202004e-14
7.1979920864105225,-88.88750384776813,12.458058920354603,0.0
7.218307971954346,-93.39811609141529,12.224915723517597,-1.4210854715202004e-14
7.238867998123169,-95.15997653014134,12.950415798430924,0.0
7.257982969284058,-94.62384021072327,13.543266051110606,0.0
7.278402090072632,-96.95119490213983,13.671960838746031,0.0
7.29920506477356,-96.91431446554995,14.299740620949308,0.0
7.318294048309326,-92.44131622252411,16.096932797756608,0.0
7.33801007270813,-93.46727489168421,16.01087980106047,0.0
7.363001108169556,-90.44173077782844,18.068955934409132,0.0
7.381678104400635,-89.05890105478869,18.589235902774874,-1.4210854715202004e-14
7.398741006851196,-88.3710962043354,18.658224770982656,0.0
7.419000148773193,-84.84410418042575,20.620286122303867,0.0
7.438111066818237,-84.07690693446193,21.015608789204038,0.0
7.458255052566528,-82.68421669771195,22.056274790287688,0.0
7.477972984313965,-81.27189671237122,22.927726391136957,0.0
7.498512029647827,-77.39368860999608,25.219842871593343,0.0
7.51822304725647,-76.79881785598911,25.00296378506839,0.0
7.538192987442017,-77.40126418881795,25.36212429010122,0.0
7.559200048446655,-78.8206320533096,25.745139472647125,0.0
7.577915191650391,-79.03330322318837,25.882236390571222,0.0
7.598020076751709,-77.74584221895853,26.40816959713858,0.0
7.621121168136597,-75.92411437085974,26.777993806756683,0.0
7.638460159301758,-75.42377914687052,26.89955432667773,0.0
7.6599180698394775,-76.28825495007789,26.54835206475957,1.4210854715202004e-14
7.679258108139038,-73.28423951056251,27.77410844860971,0.0
7.697846174240112,-73.22025596650204,27.60656521641208,0.0
7.718235015869141,-71.48642589312377,27.90186059199823,0.0
7.73816704750061,-75.61633382164527,26.255509702502493,0.0
7.760454177856445,-78.69643060376029,24.93813162289314,0.0
7.777908086776733,-78.78962302023612,24.792068585092224,0.0
7.797968149185181,-79.68524480588556,24.47189474246281,0.0
7.8200461864471436,-84.25003712893735,22.453619513230365,0.0
7.838442087173462,-84.06715447973068,22.13805890765329,0.0
7.8588550090789795,-85.68754079924801,20.893960741159503,-1.4210854715202004e-14
7.878331184387207,-85.123701763724,20.85261348050676,0.0
7.90233302116394,-84.92815927352419,20.402060824436262,0.0
7.917973041534424,-83.16964906196998,20.350927312173326,0.0
7.940051078796387,-84.58626349268795,18.370514461485527,0.0
7.958739995956421,-87.1600284634996,16.763245398413346,0.0
7.978415012359619,-90.76551301741017,14.378853775265611,0.0
7.9980621337890625,-92.40695696943138,13.518850325080479,-1.4210854715202004e-14
8.018795013427734,-97.56147372024014,10.22865877672271,0.0
8.038058996200562,-97.38992567374274,9.380073555041378,0.0
8.058731079101562,-98.23156777867624,6.287422526294023,-1.4210854715202004e-14
8.077895164489746,-97.99991010795497,5.870888029476589,0.0
8.098363161087036,-93.99103312809166,6.654761694592253,0.0
8.118152141571045,-92.30787925137446,7.280187804734254,0.0
8.145035028457642,-83.5419687430902,10.210813756819675,0.0
8.158125162124634,-83.97487619167529,9.871905475767363,0.0
8.178261041641235,-80.3434173403472,10.501968815084183,1.4210854715202004e-14
8.198194980621338,-81.90936336592014,9.624911630733976,0.0
8.218393087387085,-90.37332064987805,6.155350816628868,0.0
8.240468978881836,-95.53170930533696,3.461046995203901,0.0
8.257980108261108,-95.82210438709791,2.6554551615309094,0.0
8.278573989868164,-100.31233421658644,-0.11041703519072144,0.0
8.297949075698853,-98.37771156104546,0.6926417928460751,-1.4210854715202004e-14
8.319943189620972,-98.34193879446494,0.860226879528426,0.0
8.33820104598999,-104.15905674346291,-1.0800520507995088,0.0
8.35797905921936,-104.14865781159719,-1.0202384141801701,0.0
8.378756046295166,-103.42165806192497,-1.342198563995538,-1.4210854715202004e-14
8.398044109344482,-104.25283254472944,-1.8256844792484799,0.0
8.418023109436035,-109.78263994172625,-4.3668866637053725,0.0
8.44067096710205,-111.41524421805096,-5.0277436293443145,0.0
8.458698987960815,-114.28043532047795,-5.479815106733497,0.0
8.478182077407837,-116.71196303965908,-6.759034883159387,0.0
8.497977018356323,-117.97054607349119,-7.677870218357555,0.0
8.518532991409302,-114.96497789948714,-6.400434212233591,0.0
8.538132190704346,-114.72700729340139,-6.2872704509119615,0.0
8.558093070983887,-115.99868188442181,-7.084476997750642,0.0
8.577908992767334,-115.550079172143,-6.37127958056368,0.0
8.59860897064209,-112.40565329425286,-4.97428921790015,0.0
8.61817717552185,-112.50864827530424,-4.805447317415684,0.0
8.639423131942749,-113.47398845099517,-4.6136177525953315,0.0
8.658029079437256,-113.15879829455764,-4.012573560211337,0.0
8.679325103759766,-109.63366411672035,-1.7563929531420968,0.0
8.698662042617798,-105.55544120736187,1.5003848637699377,0.0
8.718245029449463,-105.29940273880447,1.7889296591249035,0.0
8.738636016845703,-105.62066756414296,1.8041275153678669,0.0
8.757987022399902,-105.59981824595783,1.908813002288042,0.0
8.779121160507202,-103.12555324905449,3.838160236801315,0.0
8.800291061401367,-102.72038819386313,3.961459240427189,0.0
8.818500995635986,-102.44408724807562,3.7420053627332663,0.0
8.838884115219116,-101.79147074796774,4.381107688130413,0.0
8.859225034713745,-103.35249609831664,4.766589243580057,0.0
8.877849102020264,-102.99699782995518,5.177978440889774,0.0
8.899172067642212,-104.78179140830972,4.749497467067613,0.0
8.91822600364685,-103.87523667838482,4.4636023084057115,0.0
8.938146114349365,-103.05558132840991,5.144899471137904,0.0
8.959167957305908,-106.86928442614493,4.453358811336386,0.0
8.979052066802979,-106.90860669671429,5.666241454082353,1.4210854715202004e-14
8.998053073883057,-108.30024076890393,5.5329918324934795,0.0
9.018141031265259,-109.05914167761057,5.437612034759638,0.0
9.039124011993408,-109.99813216833377,4.843200189675684,0.0
9.058247089385986,-112.44158150342517,4.566827065097925,0.0
9.078914165496826,-112.47636897735407,5.057712884115887,0.0
9.100958108901978,-110.6712699033584,6.303931642392001,0.0
9.12107801437378,-108.3184026225382,7.179036453050742,0.0
9.138410091400146,-107.87186474902822,7.112568833770098,0.0
9.159168004989624,-109.2507576073024,7.301225641435906,1.4210854715202004e-14
9.178189039230347,-108.09655434522335,8.072929646029706,1.4210854715202004e-14
9.198520183563232,-114.15192050187346,5.24028803572503,0.0
9.218271017074585,-116.37289816590317,4.476985516676109,0.0
9.243023157119751,-121.52041207284088,2.2292396289342093,0.0
9.258561134338379,-121.12024930820695,1.9487438961123758,0.0
9.279651165008545,-127.7039214044334,-1.8825678124417493,0.0
9.300857067108154,-130.24729569546741,-3.753804121899492,0.0
9.317970991134644,-130.19882990423315,-3.972476976878795,0.0
9.337944030761719,-130.45898489434936,-4.082215831596045,0.0
9.358222961425781,-126.26772982988581,-3.180070618201512,0.0
9.37925910949707,-126.85112935307467,-3.3153837807288085,0.0
9.398046016693115,-129.38344932102416,-6.151732848301322,0.0
9.419486999511719,-132.40708279982525,-8.689590639915963,0.0
9.438026189804077,-130.76169886463194,-8.50575560770983,0.0
9.45838713645935,-129.51250555750946,-8.855945360684387,0.0
9.478039979934692,-129.30459738649384,-8.964476671813998,0.0
9.499053001403809,-124.62113588836002,-7.798484229188716,1.4210854715202004e-14
9.518208980560303,-122.80947260845096,-7.882092785934816,0.0
9.538490056991577,-121.06724230227437,-6.98761812355491,0.0
9.558264017105103,-120.86643337790096,-6.681295843073798,0.0
9.578886985778809,-118.24263634069175,-5.439866610182634,0.0
9.600836992263794,-116.62838519323302,-4.5430395680148195,0.0
9.622509002685547,-111.55067263612997,-2.0116085212295616,0.0
9.642590999603271,-110.05115944131492,-0.916999014414813,0.0
9.659439086914062,-108.60213678990169,0.9172858371964026,1.4210854715202004e-14
9.678276062011719,-108.47981107630642,2.36766320482522,1.4210854715202004e-14
9.697992086410522,-109.52829196073222,2.5700827369578008,0.0
9.719686031341553,-111.14477837266378,2.460499168493783,0.0
9.737951040267944,-111.51585282584273,2.202880730971117,0.0
9.75938105583191,-116.02006986656991,0.3597916350675803,0.0
9.778755187988281,-120.69160461074117,-1.5494657064475916,0.0
9.798583030700684,-119.53722707068971,-1.2056182063603558,0.0
9.817955017089844,-120.30752424923892,-1.395007652851632,0.0
9.83824896812439,-120.66178587775093,-1.6861224342064816,0.0
9.859647035598755,-121.59090528467934,-2.207440310649986,0.0
9.877912998199463,-123.00056140802602,-3.020945489451691,0.0
9.900294065475464,-124.15789847011939,-3.5293661795009257,0.0
9.918390989303589,-124.71414186256274,-3.9847503234010446,0.0
9.938567161560059,-125.91642818692813,-4.545291437866865,0.0
9.95790696144104,-124.88187246469235,-4.886436982486941,0.0
9.978657960891724,-126.88846994358153,-6.2753761517449504,0.0
9.998435020446777,-127.04540432140854,-6.496099036943463,0.0
10.018789052963257,-129.10716063245022,-7.460382416995799,0.0
10.038515090942383,-128.25410644738588,-7.430288964458015,0.0
10.057958126068115,-127.6544644207865,-7.668170998859523,0.0
10.07905101776123,-125.20174106954539,-7.025755552825586,0.0
10.098000049591064,-125.58982188120692,-7.287563785630226,0.0
10.127134084701538,-123.17102967865159,-5.585415346351084,-1.4210854715202004e-14
10.142050981521606,-122.7673666229766,-5.311437759743939,0.0
10.158334016799927,-123.23134544845442,-5.135845787199258,0.0
10.178564071655273,-122.69167897284845,-4.479301532506383,0.0
10.200874090194702,-126.26707490110235,-4.906331014442998,0.0
10.219438076019287,-133.99975480869716,-8.115769536464228,0.0
10.238702058792114,-133.48932150521821,-8.612259065861679,0.0
10.258494138717651,-131.9995831778458,-7.93215368328211,0.0
10.278369188308716,-127.54523044323122,-5.426956832854557,0.0
10.297896146774292,-127.92610136807454,-5.794988045677769,0.0
10.318775177001953,-126.25693877475439,-5.340418812290238,0.0
10.338688135147095,-126.2146649520464,-5.675756739885173,0.0
10.35811996459961,-128.93908087094533,-6.781917127538151,0.0
10.381350994110107,-132.41849533932873,-8.347516896173715,0.0
10.398674964904785,-132.4419270844876,-8.562088326724734,0.0
10.417898178100586,-133.72312737644745,-9.274982700877587,0.0
10.440519094467163,-139.43508809745973,-12.050270786118688,0.0
10.457988023757935,-140.61778228066612,-12.036420173245034,0.0
10.478584051132202,-140.06669911478036,-12.907031195776142,0.0
10.49791407585144,-140.8090884302089,-13.231390876012682,0.0
10.51819109916687,-137.58330216942292,-12.309957680742713,0.0
10.538625955581665,-139.1311443906075,-12.991679907495353,0.0
10.559184074401855,-140.1392474983369,-14.167579675516748,0.0
10.578948974609375,-138.94291764601917,-13.786853931881609,0.0
10.598021984100342,-139.43650228542324,-14.052676312960216,0.0
10.619985103607178,-140.42507172308675,-14.552090001784336,0.0
10.638051986694336,-141.6625689045217,-15.184248576667756,0.0
10.658169031143188,-141.44297558030854,-15.693925053265701,0.0
10.678438186645508,-140.81901019975567,-15.870969235278409,0.0
10.69900918006897,-140.60507004756678,-16.336089630377785,0.0
10.717934131622314,-144.49916590960376,-18.065091979605313,0.0
10.738954067230225,-146.56470733990727,-19.333767489365613,0.0
10.759692192077637,-151.9884092376257,-21.599716142516314,0.0
10.778212070465088,-158.63726149482383,-24.65495834683483,0.0
10.798027038574219,-159.33629011541296,-24.929511966975326,0.0
10.818108081817627,-162.08799677895314,-27.055049351081664,0.0
10.837921142578125,-163.7182611186053,-27.96688125143598,0.0
10.859750032424927,-155.38323718105207,-25.542896370483277,0.0
10.878606081008911,-149.5217051798371,-24.006336299892013,0.0
10.89933705329895,-149.85808914529218,-24.43070396406648,0.0
10.919296979904175,-151.30348063166207,-25.126222145391495,0.0
10.939167022705078,-155.16394101935316,-26.668681560438984,0.0
10.958242177963257,-166.0648219681194,-31.82782749877802,0.0
10.978954076766968,-164.87778733791296,-31.787078153067114,0.0
10.997895956039429,-163.36456046825663,-32.0713767733134,0.0
11.018611192703247,-164.2349156583594,-31.914763815082893,0.0
11.037992000579834,-165.2695468832822,-32.11621631130271,0.0
11.061556100845337,-166.60898565611447,-31.19241182084528,0.0
11.078363180160522,-166.8422578037883,-31.913870583755568,0.0
11.098162174224854,-161.7423479051336,-30.5715150539759,0.0
11.118626117706299,-152.68857858173817,-26.499383258283757,0.0
11.139636993408203,-152.9997642556819,-26.496384329241778,0.0
11.164721965789795,-154.81400093955122,-27.09508946981157,0.0
11.178030967712402,-153.7940850781594,-26.750210192443518,0.0
11.201502084732056,-153.57230665741025,-26.539342757128907,0.0
11.218162059783936,-153.57336561545898,-26.60524382545634,0.0
11.238542079925537,-154.49533686278014,-27.8287330574216,0.0
11.259106159210205,-147.79594604487065,-24.847960107485136,0.0
11.277872085571289,-147.91897700122118,-24.973635651614046,0.0
11.298285961151123,-143.06121501757417,-22.077600609221292,0.0
11.318194150924683,-139.3027404526589,-19.84574582617529,0.0
11.33843207359314,-133.37567148978803,-17.12910056589834,0.0
11.358168125152588,-131.4133538405935,-15.825055515191679,0.0
11.378201007843018,-131.9075595095,-15.986336214503211,0.0
11.40066909790039,-134.27866792164184,-17.191566786615624,0.0
11.418262958526611,-134.50793356557153,-17.62538327679644,0.0
11.437965154647827,-139.92831147240736,-19.943877254686015,0.0
11.458063125610352,-143.55792987619725,-21.992416825288785,0.0
11.478440046310425,-141.26120643029267,-23.467255034781203,0.0
11.498382091522217,-138.23660960170284,-24.908405185736655,0.0
11.518133163452148,-131.60500471636186,-23.963389908908823,0.0
11.537990093231201,-131.59545809468372,-24.481066150903445,0.0
11.557898998260498,-132.04551322016997,-25.369146885724376,0.0
11.577974081039429,-132.53016281529713,-26.418784306489556,-1.4210854715202004e-14
11.598740100860596,-123.5119120018212,-24.39914249313125,0.0
11.62020206451416,-123.06619194987792,-24.79706390911204,0.0
11.64202618598938,-125.74335255032591,-28.077548331142793,0.0
11.658018112182617,-125.37277697756383,-28.377135520677598,0.0
11.678286075592041,-136.06831105525,-35.275874939923085,0.0
11.69809603691101,-137.8492324307603,-37.40911219482692,0.0
11.718147993087769,-136.98278939116784,-37.17533655471746,0.0
11.73918104171753,-134.55224334388186,-38.169662639700476,1.4210854715202004e-14
11.758751153945923,-134.6430639353034,-37.82719076353786,0.0
11.7780921459198,-134.40078694244926,-36.94231848996053,0.0
11.800179958343506,-141.740453882821,-40.070198196108834,0.0
11.818542003631592,-141.88567260519596,-39.58295130190601,0.0
11.838545083999634,-143.842240828358,-40.41783611228031,0.0
11.857952117919922,-141.6998552287631,-39.114592662537376,0.0
11.878417015075684,-138.4184270414709,-36.54767210471047,0.0
11.898178100585938,-137.9897509231424,-36.32355418596404,0.0
11.918519020080566,-136.60838203506336,-35.69489627213345,0.0
11.938035011291504,-134.20324729240687,-34.041418430885884,0.0
11.958990097045898,-123.10212112305157,-27.54246739486058,0.0
11.97854208946228,-113.01663494874367,-21.803065576228292,0.0
11.997966051101685,-112.61508995184224,-21.43691683643945,0.0
12.018627166748047,-111.84831195978853,-20.250169225796057,0.0
12.0382821559906,-108.32194241544775,-16.87407394650674,-1.4210854715202004e-14
12.057955026626587,-106.87540220831431,-15.452369118471168,0.0
12.078472137451172,-106.42495887652393,-13.39771064975929,0.0
12.09912896156311,-106.47050506760976,-12.733862892089974,0.0
12.118167161941528,-101.6571037879147,-9.336238625864652,0.0
12.141317129135132,-102.17353135273959,-8.696469881506104,0.0
12.163726091384888,-105.29825664451911,-8.707064862772924,0.0
12.178223133087158,-104.83007104249938,-8.096467585899276,0.0
12.198014974594116,-108.73296549012224,-7.86878737151649,0.0
12.219539165496826,-109.3851634359666,-6.839323599526168,0.0
12.242556095123291,-107.80657822073263,-5.190684807899203,-1.4210854715202004e-14
12.258790969848633,-106.76397298149584,-2.949590100571072,0.0
12.278279066085815,-108.05792439155007,-3.11507776022502,0.0
12.298243999481201,-110.33630785145445,-3.0191224166906636,0.0
12.318176031112671,-107.76813254201957,0.5512308208694918,1.4210854715202004e-14
12.338163137435913,-108.76557437602719,0.7995957749317171,0.0
12.35838007926941,-106.17099067759113,2.898824495100058,0.0
12.379400968551636,-105.6799706008452,4.420584652493616,0.0
12.397926092147827,-108.02948033595766,4.027625559336954,0.0
12.418763160705566,-111.5318371089177,2.835320970728091,0.0
12.438095092773438,-112.27716706915297,2.5860305251311786,0.0
12.457924127578735,-108.6812389414957,4.209860565388269,1.4210854715202004e-14
12.478698968887329,-113.10316047735321,3.407540179514754,0.0
12.49877405166626,-111.91070052523204,4.207235688460003,0.0
12.518838167190552,-105.31463798998047,6.243847350686494,0.0
12.537898063659668,-104.95753004515521,6.571158734349268,0.0
12.558293104171753,-102.93965787812459,7.89722252442219,0.0
12.578863143920898,-107.72767494330674,7.041524014963258,0.0
12.598865985870361,-111.77674593531046,5.695184624356713,0.0
12.620712041854858,-112.5074785570861,4.8030187868186545,0.0
12.638633012771606,-111.52836911377142,4.978456236688757,0.0
12.658204078674316,-114.10442894578819,4.482614030241905,0.0
12.678121089935303,-113.65548781419653,4.176070419144509,0.0
12.697829961776733,-112.79149274851486,3.7531944102692734,0.0
12.718302011489868,-110.52096990487075,3.4363390650057823,1.4210854715202004e-14
12.738283157348633,-106.87921482781056,3.414245652743503,0.0
12.759598016738892,-106.68335310547815,1.9338080086929068,0.0
12.777992963790894,-106.14061677388949,1.5828374983460662,-1.4210854715202004e-14
12.798673152923584,-106.85817328376609,0.4139261490477253,0.0
12.821304082870483,-110.20694784691955,-1.7812189641011287,0.0
12.837871074676514,-109.73837103899237,-2.049053801943714,0.0
12.858314990997314,-110.88657192404133,-3.8732291458867536,0.0
12.87890911102295,-111.01714416699781,-5.217479660445363,0.0
12.89838695526123,-113.22476602753594,-6.370444303714024,0.0
12.919608116149902,-112.02750075581883,-6.689235265809842,0.0
12.93806505203247,-112.1421811273805,-7.247179172540342,0.0
12.958006143569946,-113.88635991351035,-8.816110911311583,0.0
12.979614019393921,-113.92351784628903,-9.944687004072634,0.0
12.998862981796265,-119.83590891043235,-13.047632003660638,0.0
13.019252061843872,-120.75636988457427,-13.73334718834937,0.0
13.038546085357666,-116.32473797950004,-12.484911402730319,0.0
13.05789303779602,-114.11921181609961,-11.368596150943773,0.0
13.079110145568848,-109.93298356936816,-9.896286617792711,0.0
13.097861051559448,-110.11049491548019,-9.818729328136342,0.0
13.118158102035522,-107.40543100506284,-8.935769350447615,0.0
13.138107061386108,-107.31308531638564,-8.648004945787534,0.0
13.159043073654175,-103.20628402350954,-7.220654988646544,0.0
13.178208112716675,-102.90610126555623,-7.01520947328153,0.0
13.198702096939087,-102.015079377115,-6.175559739179008,1.4210854715202004e-14
13.21938705444336,-99.1998310937081,-3.8721495488366457,0.0
13.239252090454102,-99.05796248286168,-3.6846571099498107,1.4210854715202004e-14
13.258470058441162,-94.28301635912618,-2.1770385690104206,0.0
13.277920007705688,-93.2387169392853,-1.424583675372773,0.0
13.298573017120361,-88.12244331439607,1.4708966681479012,0.0
13.31955599784851,-88.80602317620611,1.907798652539654,0.0
13.338102102279663,-90.13901824527846,1.7570659793233432,0.0
13.358797073364258,-92.98470826977461,0.8602323342427951,0.0
13.37848711013794,-89.1373028835066,2.9575703564689064,0.0
13.398534059524536,-90.97716816244588,2.390693346699308,1.4210854715202004e-14
13.418519973754883,-90.7432496499718,2.5363459185937245,0.0
13.438560962677002,-89.0747585280005,3.422116626799962,0.0
13.458057165145874,-89.1208126741401,3.475381689008046,0.0
13.481422185897827,-89.52365688287719,3.590867338335755,0.0
13.49918508529663,-85.15274058384273,5.4140768356847815,0.0
13.520359992980957,-75.56579393376941,9.418084583275004,0.0
13.5381760597229,-75.89760089648416,9.016491153651799,1.4210854715202004e-14
13.558030128479004,-75.88042633827459,8.969829948627762,0.0
13.577986001968384,-76.53709061592508,8.553263747929776,0.0
13.598893165588379,-83.07094440800765,6.177168639553074,0.0
13.618129014968872,-83.96542283919456,5.228725736588572,0.0
13.638944149017334,-87.36087893308425,2.4391934170401157,1.4210854715202004e-14
13.658414125442505,-89.92947231711793,0.40664886307872905,1.4210854715202004e-14
13.678955078125,-98.08092841711462,-3.9038853654244576,0.0
13.698776006698608,-99.29889780697448,-4.2872726486966855,0.0
13.71807312965393,-99.4117679031691,-4.901715536430004,0.0
13.740633010864258,-101.07107012335891,-5.799196218825784,0.0
13.758617162704468,-105.34027237379203,-8.722980091080856,0.0
13.779008150100708,-109.78453459309324,-11.232466717453548,0.0
13.799658060073853,-112.97349302399701,-13.70931796916193,0.0
13.817918062210083,-113.12607231658987,-14.124090226436792,0.0
13.83885407447815,-111.22699073295024,-13.103415444380659,0.0
13.858229160308838,-109.12102630557735,-12.272095532000932,0.0
13.87875509262085,-104.08767999239461,-11.495643230736277,0.0
13.898775100708008,-102.44855053888153,-10.735020078981833,0.0
13.918272018432617,-93.5426513188516,-7.700516902667516,0.0
13.94086503982544,-88.62595933436907,-5.544981167178165,1.4210854715202004e-14
13.958806991577148,-87.30231391703921,-4.577916481972238,0.0
13.97895097732544,-86.03145554574468,-3.6438256250615524,1.4210854715202004e-14
13.998425960540771,-82.2701877711176,-2.142862497128405,0.0
14.018396139144897,-79.38485699796846,-0.18085737645759536,0.0
14.037970066070557,-79.50347869428518,0.09948599698658711,-1.4210854715202004e-14
14.05828309059143,-76.72103626533993,1.2442438254995523,0.0
14.078350067138672,-72.47890847895513,3.389184685002263,0.0
14.09875202178955,-73.04950041696927,3.842592616746785,0.0
14.118144989013672,-72.35044430159599,4.279025056567491,0.0
14.139094114303589,-72.39580596441041,4.955553244061505,0.0
14.15839409828186,-70.36116241481736,6.517263217575049,0.0
14.17811107635498,-70.91923385452637,6.572881748486296,0.0
14.198332071304321,-71.23892252758506,6.569849244778766,0.0
14.219526052474976,-71.9318296227876,6.462991605116258,1.4210854715202004e-14
14.238203048706055,-74.27391433242639,5.650681557702256,0.0
14.258111000061035,-74.96188578941903,5.383077481951375,0.0
14.279898166656494,-78.90622607844037,3.7190011395186673,1.4210854715202004e-14
14.298340082168579,-82.18567113324784,2.504647849080669,-1.4210854715202004e-14
14.31939697265625,-83.53952914508909,1.805219494566515,0.0
14.338266134262085,-84.36275396889667,1.3337716202712357,0.0
14.359410047531128,-83.10697039151893,1.2488425961901584,0.0
14.378600120544434,-84.20353699669727,0.22786570329382982,0.0
14.398308038711548,-86.7028977674195,-0.5680902541788839,0.0
14.418891191482544,-87.11229526089318,-1.085475365359457,0.0
14.43813705444336,-79.40735302477219,2.132196938578673,-1.4210854715202004e-14
14.459050178527832,-66.85398591272903,7.869469491387704,0.0
14.478513956069946,-64.69992425479904,9.094291064841784,0.0
14.498013973236084,-65.95204059589722,8.86173247188313,0.0
14.517945051193237,-63.4772442667861,10.439503439164852,0.0
14.538225173950195,-52.802731330794046,15.737957561669418,0.0
14.558086156845093,-49.84320347897875,17.974625095225846,0.0
14.579334020614624,-46.07257467497587,20.236299934939538,0.0
14.598942995071411,-47.010618990749265,20.130776386476143,0.0
14.618221044540405,-45.04606339663479,21.510162695318044,0.0
14.638617038726807,-43.90766149679823,22.43014195382598,0.0
14.657999038696289,-43.65941919470026,22.88926242429463,0.0
14.678699016571045,-43.1774019652963,23.233207339621643,0.0
14.69799017906189,-43.40545708757463,23.30806582000959,0.0
14.726505994796753,-42.97704634266023,23.777836509533472,0.0
14.738123178482056,-42.10635658150716,24.362291766119398,0.0
14.758223056793213,-44.24528431199434,23.820828948844195,0.0
14.777974128723145,-42.98882943994974,24.734616014938354,0.0
14.798150062561035,-48.64442578757124,22.660543018012874,0.0
14.819801092147827,-49.200729249533424,22.816974290866284,0.0
14.838068962097168,-48.44888079030122,23.00558452484411,0.0
14.85814905166626,-48.57760606079631,23.26055842457386,0.0
14.878360033035278,-44.78821257744946,24.57247600618109,0.0
14.903442144393921,-44.88660727016352,24.45130894951278,0.0
14.918605089187622,-43.96802699306954,25.064280593061696,0.0
14.937849998474121,-44.208656853502674,25.39650805415421,0.0
14.967331171035767,-40.88050951201262,27.544326210410162,0.0
14.97804307937622,-40.52288787173856,28.060581427051332,0.0
14.998425006866455,-41.7707731906348,27.841856180155062,0.0
15.017928123474121,-39.49912522740121,29.2045863451481,0.0
15.038833141326904,-36.57870575246952,30.88725627530748,0.0
15.058304071426392,-36.080848229136876,31.836094805097574,0.0
15.079025983810425,-29.753957640230567,35.187887071059095,0.0
15.098159074783325,-29.102744940693754,35.42932921102944,0.0
15.118190050125122,-28.463162317230115,35.96074623775684,0.0
15.138857126235962,-28.619566512056593,36.18533043753975,0.0
15.158220052719116,-31.64563601417234,35.036278718083565,0.0
15.177983045578003,-31.96723559562963,35.106237552932456,0.0
15.198485136032104,-31.11863329306638,35.65366595805966,0.0
15.21896505355835,-32.353041333536765,35.33109080600572,0.0
15.237951040267944,-32.70030321154397,35.483064633326805,0.0
15.257987022399902,-32.40328004877824,36.001327706968084,0.0
15.278432130813599,-33.98497334180837,35.679600795254444,0.0
15.299272060394287,-35.32654807640861,34.394846891729884,0.0
15.31792402267456,-35.54167644334194,34.1390590095301,0.0
15.338871002197266,-34.4670240139335,34.251148257254826,0.0
15.357964038848877,-34.939511512159044,33.78770783490762,0.0
15.379688024520874,-34.75099793115231,34.2041207895183,0.0
15.39836597442627,-35.968438667228725,33.632837077435,0.0
15.419547080993652,-38.65612916359288,32.49496437674887,0.0
15.438379049301147,-40.6370102674027,31.89851372589807,0.0
15.457873106002808,-40.18741074916565,32.14508524290322,0.0
15.478785991668701,-42.034781248233514,31.481463964159644,0.0
15.497951984405518,-41.9088155876166,31.484094853750804,0.0
15.518845081329346,-41.91961524158623,30.98415215503337,0.0
15.538249015808105,-43.18021208536874,30.343975092581587,0.0
15.561419010162354,-45.774970643279374,29.232528036775562,0.0
15.578103065490723,-46.862757009821195,28.978473436809978,0.0
15.598248958587646,-45.49296948227351,29.397016930252207,0.0
15.618004083633423,-45.836450255704904,29.257331173325085,0.0
15.639202117919922,-47.592693428820155,28.51404953398624,0.0
15.658236980438232,-47.427240654221805,28.631546991804726,0.0
15.679485082626343,-46.24563901596065,29.06692522985388,0.0
15.699037075042725,-43.32087461267338,31.328433300574105,0.0
15.718163967132568,-44.48959654504304,30.99369534525698,0.0
15.73808217048645,-45.20592161267592,31.087334232750237,0.0
15.758392095565796,-46.965489845745,31.047859013555154,0.0
15.778293132781982,-46.8612033022323,31.77136955472247,0.0
15.799214124679565,-50.766192817951804,30.85771611643591,0.0
15.818082094192505,-48.5318071707095,32.09257752619391,0.0
15.837972164154053,-53.68027030752705,30.679894098581357,0.0
15.85917615890503,-47.99430636440667,34.25487139237518,0.0
15.878690004348755,-39.075701077104924,38.450658593537646,0.0
15.89801812171936,-38.29207213609132,38.90947883261412,0.0
15.91826605796814,-30.51917476009669,42.53295579991693,0.0
15.941411018371582,-29.211898498708592,42.704585008629394,0.0
15.9585280418396,-23.83798319613578,44.62982903826716,0.0
15.97881007194519,-29.13843604669006,42.486811955331135,0.0
15.997876167297363,-28.462328292065422,42.3675490644701,0.0
16.019705057144165,-34.76078364443845,39.821195556147444,0.0
16.038361072540283,-34.51409375957738,39.707289470975134,0.0
16.058093070983887,-40.995161715634424,36.27904366935594,0.0
16.077919960021973,-40.82091421402242,35.38846546046936,0.0
16.099220037460327,-45.928340597715106,32.58606773281108,0.0
16.11806607246399,-46.99045749066022,31.766243927173115,0.0
16.13841414451599,-51.37322932753892,29.03086423350655,0.0
16.157891035079956,-53.4851779592679,27.263102438386497,0.0
16.179933071136475,-58.741197245668076,24.346592851764726,0.0
16.1990749835968,-71.4379777354148,19.74365298047688,0.0
16.21824598312378,-74.14493427395703,18.516133348400245,0.0
16.240739107131958,-83.6241026530436,14.986790726421333,0.0
16.258236169815063,-81.15130496739462,15.867586800742913,0.0
16.278123140335083,-90.01246691437005,13.323738662871747,0.0
16.298715114593506,-87.54842274419877,14.901420193467743,0.0
16.31822419166565,-83.65084935401501,16.86557911899699,0.0
16.339315176010132,-84.78926089078963,17.77272747912697,0.0
16.362611055374146,-72.26232021031004,23.888049892194303,0.0
16.37822413444519,-73.15033101689217,24.023864145945794,0.0
16.398895025253296,-67.06399248120147,27.213417150551052,0.0
16.417898178100586,-65.87098369531097,28.946141608801724,0.0
16.43889617919922,-60.30152101967563,32.484174267381164,0.0
16.45828914642334,-60.52126526581513,33.60595851286511,0.0
16.478626012802124,-52.44789329901349,37.9032783961617,0.0
16.497960090637207,-52.92157036149399,38.50980189310556,0.0
16.52027416229248,-52.33303269904614,39.59784834141696,0.0
16.53832507133484,-51.44796447396496,41.32000114819543,0.0
16.55802607536316,-51.44684262320288,42.094105116192914,0.0
16.578257083892822,-49.74892944397649,45.119219881579276,0.0
16.599029064178467,-50.548907758114694,46.29988926813076,0.0
16.61798095703125,-50.05369266421701,46.97324340298539,0.0
16.638344049453735,-50.095112489321,48.84028054130576,0.0
16.657978057861328,-52.18987888847235,48.73982058261883,0.0
16.678121089935303,-53.255374178611234,49.62913855753324,0.0
16.698158979415894,-53.49677919718401,50.16828161235056,0.0
16.71842098236084,-58.539041687174276,50.29253661386324,0.0
16.738209009170532,-59.65189486312245,50.17737645803787,0.0
16.759814977645874,-60.43151019389795,51.318271071711756,0.0
16.77932596206665,-61.87267058377131,51.94871183604067,0.0
16.79787802696228,-62.27474464957969,51.5770752228415,0.0
16.818258047103882,-57.671928057565125,53.57929339011967,0.0
16.83856201171875,-58.02361464970137,53.42866693807157,0.0
16.86052107810974,-56.20891896335476,54.176513455620416,0.0
16.878228187561035,-57.11396216625795,53.89763098206843,0.0
16.898401975631714,-55.42038043474986,54.33003739864602,0.0
16.920400142669678,-56.91983117693499,53.60199107623861,0.0
16.939284086227417,-57.78068509235109,53.0029490082446,0.0
16.958631992340088,-60.82357279175892,51.61403356188163,0.0
16.97782015800476,-61.350256849406605,51.07037663314687,0.0
16.999062061309814,-58.207667890523936,50.98533748746489,0.0
17.018054008483887,-60.21167607727941,49.67808589554578,0.0
17.03781008720398,-60.00179370465028,49.53628442320207,0.0
17.058499097824097,-57.84906989421094,49.44787936461807,0.0
17.079180002212524,-54.260516636672165,49.897379644819864,0.0
17.098401069641113,-53.9125236154117,49.217088044076334,0.0
17.117870092391968,-53.47761821680531,48.84419310930492,0.0
17.13852310180664,-55.64496169531178,47.27887148381228,0.0
17.15812110900879,-56.258135721501816,46.90635319464342,0.0
17.179800987243652,-57.3389669605553,45.79840834598043,0.0
17.19850206375122,-57.232504936961035,45.52279459467017,0.0
17.218194007873535,-56.770624480860675,44.664386561149236,0.0
17.241796016693115,-54.082727249395646,44.476197428177045,0.0
17.25789499282837,-54.396383325424765,44.293039312779534,0.0
17.278362035751343,-53.814567815691476,43.59945747164427,0.0
17.29798698425293,-53.77094876292517,43.227195080520026,0.0
17.317965030670166,-52.54507873470426,43.12887963086253,0.0
17.337895154953003,-53.35063551353289,42.492536072585565,0.0
17.358235120773315,-52.95008974077885,41.01360907833176,0.0
17.378300189971924,-53.895398953258734,39.34797397350486,0.0
17.397961139678955,-53.29849528571752,39.01072155038813,0.0
17.418888092041016,-54.80009915527242,37.109848841873834,0.0
17.438286066055298,-55.09081625383392,36.64645343944233,0.0
17.458651065826416,-57.61578606397427,34.948412286757986,0.0
17.478084087371826,-57.76541391337929,34.766004808523824,0.0
17.49825096130371,-57.543739529932594,34.26550598715689,0.0
17.518737077713013,-58.28251829348528,34.12766271547571,0.0
17.538482189178467,-57.231514156396116,34.30121884413912,0.0
17.558176040649414,-56.88809676628395,34.48798178445793,0.0
17.57962703704834,-57.1312131397559,34.36703709780121,0.0
17.598989009857178,-55.32589535637348,34.853767236207574,0.0
17.617913007736206,-55.23516941490551,34.932636913292484,0.0
17.63994598388672,-51.169852999821174,36.38561141359519,0.0
17.660173177719116,-48.8877619838392,37.11191834606997,0.0
17.6786470413208,-49.556752512555704,36.98814655021573,0.0
17.69817614555359,-47.507563819198566,37.13003651192714,0.0
17.718290090560913,-46.95211453409165,37.171302469213195,0.0
17.74173617362976,-46.973420338092865,36.88945149392906,0.0
17.75798010826111,-47.49052049054215,36.78003469334364,0.0
17.7782301902771,-47.22187099282149,36.84534006717658,0.0
17.798032999038696,-47.92250634704989,36.70166577769663,0.0
17.818220138549805,-47.10230615530435,36.93699262948251,0.0
17.83797311782837,-46.99366339386127,37.17568305205778,0.0
17.858962059020996,-46.08787430427833,37.49578855523136,0.0
17.878225088119507,-45.8942787158378,37.802802718263635,0.0
17.898298978805542,-44.488179643831415,38.561808907989885,0.0
17.91880702972412,-43.05551436499309,39.09948277361464,-7.105427357601002e-15
17.937976121902466,-43.169130150266554,39.26011993941943,-7.105427357601002e-15
17.959086179733276,-40.224942650826804,40.45483516911607,-7.105427357601002e-15
17.97836208343506,-41.96841842735502,39.88271145852808,7.105427357601002e-15
17.997846126556396,-42.44325004282132,39.76712084498476,0.0
18.017887115478516,-42.682026369270346,39.68888431774237,0.0
18.038573026657104,-45.738046713799406,39.21655726688811,0.0
18.058582067489624,-49.56690987620031,37.810739495925404,0.0
18.07907009124756,-49.24984359619654,37.948627149272774,-7.105427357601002e-15
18.09801411628723,-49.08168368850271,38.05533638618272,0.0
18.118282079696655,-49.014793254420624,37.935798224740196,7.105427357601002e-15
18.138857126235962,-46.582766123382726,39.07999807635778,0.0
18.15925407409668,-47.43470738341695,39.02766204831885,0.0
18.17855405807495,-47.32502551564177,39.46837091244885,0.0
18.19898509979248,-45.837272658133486,40.10883293149229,7.105427357601002e-15
18.217967987060547,-46.22900819709666,40.16713285224836,-7.105427357601002e-15
18.23830509185791,-44.09668267691042,41.00458431954009,0.0
18.258475065231323,-43.7544704669471,41.16040611815527,0.0
18.281463146209717,-44.99597941328214,41.3073732372832,7.105427357601002e-15
18.298521041870117,-47.197911540422325,40.92725218820684,0.0
18.317928075790405,-48.98606274793994,40.8536558988462,0.0
18.33830714225769,-45.87596679863711,42.162607338381164,0.0
18.3581600189209,-43.57951294472204,43.40008271288242,-7.105427357601002e-15
18.37874412536621,-38.534596829105325,45.34196499315848,0.0
18.398142099380493,-27.64517037593923,48.93419262161294,0.0
18.41790199279785,-29.476008142508505,48.59678828259856,0.0
18.4379620552063,-26.803865362656722,49.46661339003642,0.0
18.45905113220215,-20.21986943259914,51.58264961022161,-7.105427357601002e-15
18.477972984313965,-19.37791331988349,51.82314816092137,-7.105427357601002e-15
18.497981071472168,-18.265028985758306,52.06441679036418,0.0
18.5180721282959,-16.6127011883341,52.361491667366764,0.0
18.538132190704346,-16.392540978270787,52.181025901309454,0.0
18.55797505378723,-16.31926529109515,52.03194987450079,0.0
18.58056902885437,-30.802309924879296,46.73544981908012,0.0
18.598284006118774,-31.326645156896788,46.33581222945365,0.0
18.618353128433228,-31.58026263898266,45.95113063123574,0.0
18.63846516609192,-32.833817669277934,45.376836740669894,0.0
18.658682107925415,-38.2393760193755,43.25478362894346,0.0
18.677956104278564,-39.11546330140007,42.77904440147244,0.0
18.69854211807251,-40.05519485748742,42.29675649623404,0.0
18.718827962875366,-38.60264756362089,42.308358604664555,0.0
18.737977981567383,-40.6770173954953,41.62555087693837,0.0
18.758082151412964,-55.56743206098692,35.394933906466335,0.0
18.778820991516113,-51.873636151521964,36.52938853876899,7.105427357601002e-15
18.798155069351196,-51.34468198882267,36.86021046096105,7.105427357601002e-15
18.82061505317688,-43.75445643876867,39.41617933881728,7.105427357601002e-15
18.839686155319214,-43.074363728850315,39.87737722384216,-7.105427357601002e-15
18.858381032943726,-41.78399868987431,40.462939489450065,-7.105427357601002e-15
18.878190994262695,-43.58333714233761,40.34628384460494,0.0
18.89944815635681,-35.53578749182539,43.021440179668254,-7.105427357601002e-15
18.918882131576538,-26.119260731673904,46.195490325780206,7.105427357601002e-15
18.93872308731079,-24.83522306915401,46.746850099888405,0.0
18.958171129226685,-24.708058783637384,47.02423336028835,0.0
18.978060007095337,-23.429721173026948,47.77666032707989,0.0
18.99834108352661,-23.701632934598607,47.159155931835066,0.0
19.0194091796875,-22.670727046800806,47.377440059842456,0.0
19.03811502456665,-22.22063727815886,47.585749523284306,0.0
19.060317039489746,-21.730540904295253,46.98497324043876,0.0
19.078633069992065,-22.1678602555056,45.81446217973246,0.0
19.097933053970337,-22.51036682296295,45.376834816556055,0.0
19.11846399307251,-23.868957986199433,43.480008762062994,0.0
19.13797116279602,-24.91838839258814,42.76322876375059,0.0
19.159401178359985,-29.98536226266964,39.84267005879416,0.0
19.178604125976562,-27.009677114224274,40.5262852091634,0.0
19.198271989822388,-27.702386627592404,40.34897894940331,0.0
19.218918085098267,-24.462371310955604,41.61905067091977,0.0
19.23797297477722,-25.09784964546624,41.43721878871408,0.0
19.25881814956665,-23.846768695984906,42.02906855753296,0.0
19.278369188308716,-24.430370337089116,41.895675505122504,0.0
19.298228979110718,-22.81030537566238,42.45304328633982,0.0
19.31850814819336,-21.640578485483474,42.947007683461344,0.0
19.338245153427124,-21.68312061401926,42.97886418669385,0.0
19.360342979431152,-18.04211845424119,44.386299025232425,0.0
19.377933979034424,-18.176225270663778,44.50199348043314,0.0
19.398437976837158,-17.666315072117428,44.77094109251043,0.0
19.418403148651123,-15.555680123450529,45.67519420614251,0.0
19.43803095817566,-16.597620567266517,45.289786445056194,0.0
19.458458185195923,-18.18247404984473,44.457049610205544,0.0
19.479438066482544,-15.897202418168575,45.71071888062089,0.0
19.498749017715454,-15.308069540393205,46.02436074542659,0.0
19.51819396018982,-14.12142693162366,46.77239118492348,0.0
19.538657188415527,-14.539163847363398,46.75416777553216,0.0
19.5581111907959,-14.774883469407797,47.100525692707336,0.0
19.57808804512024,-14.40302107244311,47.427039014671905,0.0
19.597867012023926,-14.580969437599293,47.29790329139457,0.0
19.6200430393219,-15.576325342442956,46.576681692864625,0.0
19.638216018676758,-15.640445320706888,46.035205064832105,0.0
19.658980131149292,-15.97562142743601,45.5771211068666,0.0
19.67823100090027,-15.82375856023441,45.278739391924034,0.0
19.698714017868042,-15.115810998134677,45.23415598097953,0.0
19.718389987945557,-14.580275279265408,45.13676441799164,0.0
19.738676071166992,-12.769127292283045,45.23364201653706,0.0
19.758182048797607,-12.555469801583513,44.97644245859407,0.0
19.779303073883057,-12.838155869342856,43.5293830191257,0.0
19.799787998199463,-11.953773252872082,43.64274465761369,0.0
19.818005084991455,-11.539958572473239,43.57255638236543,0.0
19.83836603164673,-11.144853876831476,42.790367992760785,0.0
19.859009981155396,-10.771938127269863,42.327721269096855,0.0
19.877971172332764,-10.79118034813952,42.11614916854168,0.0
19.898813009262085,-10.02945310630146,41.41673458742789,0.0
19.918374061584473,-9.625779489233253,41.53561570710423,0.0
19.938104152679443,-9.243908265635,40.01833163023761,0.0
19.958027124404907,-8.430548491345704,40.252937727384996,0.0
19.978706121444702,-7.077363792050349,39.01989944642199,0.0
19.999587059020996,-5.6486424682834695,38.85036176145744,0.0
20.021667003631592,-5.455938068411669,38.59710645957083,0.0
20.03796696662903,-4.407126535651784,38.01437022805277,0.0
20.058359146118164,-5.874774944684972,35.728447030788985,0.0
20.07944416999817,-7.040843391836788,33.584486609066765,0.0
20.098000049591064,-7.260035209640492,33.37310425273209,0.0
20.118446111679077,-8.79573707528246,31.79369770574283,0.0
20.13790011405945,-9.520253532775968,31.34365758784758,0.0
20.158306121826172,-11.535706045306654,28.95975116411539,0.0
20.177894115447998,-11.901894847885288,28.866683490458783,0.0
20.199226140975952,-13.50323861592517,27.547393384910535,0.0
20.21878409385681,-12.827123971062449,28.078148598618405,0.0
20.23992419242859,-17.59728844647205,24.887665692979816,0.0
20.258239030838013,-18.98453552330244,24.001688471527082,0.0
20.27790904045105,-19.704349384973483,23.769885645710083,0.0
20.298323154449463,-20.437963055566144,22.972763164819966,0.0
20.317901134490967,-20.61909062994802,23.151460263627463,0.0
20.337891101837158,-21.066537023472534,23.099595138442943,0.0
20.358211040496826,-18.760202408916882,24.985553417592335,0.0
20.379317045211792,-19.53782175821179,25.406258263419986,0.0
20.398560047149658,-20.099657878545912,25.186687531209806,0.0
20.418034076690674,-22.94497132743099,24.860245300925925,0.0
20.439510107040405,-24.492780248910535,25.308295770035507,0.0
20.458876132965088,-26.543996194268516,24.973845784095197,0.0
20.4779691696167,-29.019427561725976,23.93156676298986,0.0
20.498223066329956,-31.414807602933166,23.82590042127648,0.0
20.518745183944702,-34.21649132646745,22.613504464369278,0.0
20.53820514678955,-35.249952489663485,23.60136406451121,0.0
20.557902097702026,-39.152451827282476,22.102757977475832,0.0
20.577867031097412,-41.6901363449263,21.40579041095969,0.0
20.598000049591064,-44.26976148311448,22.920496194167285,0.0
20.617938995361328,-43.62564159153784,23.852433120375096,0.0
20.639636993408203,-47.18204530014711,25.135961195122242,0.0
20.658287048339844,-50.066510587187565,29.57083061236107,0.0
20.67803406715393,-50.74256075475158,30.36953487978917,0.0
20.69789218902588,-52.4220735793441,30.85115261940949,0.0
20.71812415122986,-55.24968186833242,32.62723828444475,0.0
20.739516973495483,-60.068176952104054,33.9586655853492,7.105427357601002e-15
20.757888078689575,-59.11233529228757,35.76767194403437,0.0
20.78084397315979,-61.22165246366664,38.497942510516744,0.0
20.798192024230957,-61.69941710138994,39.24260656399061,0.0
20.81856608390808,-59.22990612618651,42.83358754634513,0.0
20.838423013687134,-62.454063369612314,43.055759900945574,0.0
20.858291149139404,-59.956756879058915,47.48050196148937,0.0
20.878879070281982,-61.139933690712674,49.83973619338506,-7.105427357601002e-15
20.89836597442627,-62.776333798097724,50.48200525391617,0.0
20.918156147003174,-62.197195287522995,53.3929207096061,0.0
20.93904209136963,-61.32752527015708,54.11498976477495,0.0
20.958542108535767,-62.60073518588723,56.34289079680079,-7.105427357601002e-15
20.979039192199707,-66.81363375020128,58.519024179761324,0.0
20.99851703643799,-67.7264777633634,58.81307726851276,0.0
21.018943071365356,-64.3498957488078,61.203295917822025,0.0
21.03795599937439,-66.79859135531584,61.2661165804836,0.0
21.058825969696045,-65.3621635088711,62.89246016968669,0.0
21.078078031539917,-66.05525529406896,62.87377512186602,7.105427357601002e-15
21.098396062850952,-65.9987389040149,62.966343117064646,7.105427357601002e-15
21.118776082992554,-63.888580996623844,64.68499882494407,0.0
21.140083074569702,-65.79643706166924,66.29782096879447,0.0
21.158694982528687,-65.84325704402673,66.4763909355628,0.0
21.178056001663208,-66.4441547086931,66.19171118285357,0.0
21.198162078857422,-63.03970721109133,66.04088585106409,7.105427357601002e-15
21.21808099746704,-63.50547080066182,65.68985146351147,0.0
21.2382230758667,-60.94772441824291,65.07935064586833,0.0
21.25840711593628,-61.15372536091538,64.600130059683,0.0
21.278319120407104,-56.48403894744507,64.01527822696909,0.0
21.298371076583862,-50.382232514382565,63.404413877075655,0.0
21.319103956222534,-50.78583546603533,62.80837272206584,0.0
21.337985038757324,-50.17966822228872,62.44251488179253,0.0
21.358010053634644,-45.35781296668522,60.91209744484285,0.0
21.377844095230103,-45.33703945320623,60.567855502133824,0.0
21.399388074874878,-42.416595913425816,59.61743143460623,0.0
21.41809606552124,-42.49719341414571,59.22203349341238,0.0
21.441442012786865,-39.849431652934356,58.3387900787282,0.0
21.45816206932068,-37.99346753613178,57.555503201095796,0.0
21.47801113128662,-37.48606257761521,57.319487534263274,0.0
21.49898600578308,-36.10163570232347,56.27981290653756,0.0
21.517948150634766,-35.929511794068965,55.949709546455665,0.0
21.539414167404175,-36.50530185311318,55.072583884238746,0.0
21.56045413017273,-36.4206448633924,54.849822369426185,0.0
21.578001976013184,-36.282321269300084,54.61976814827156,0.0
21.599130153656006,-37.88017381960045,53.39096371926714,0.0
21.618755102157593,-37.55415100176333,53.15161936173095,0.0
21.63830804824829,-38.932314910750584,51.82735271427434,0.0
21.658589124679565,-39.40517414351551,50.905831071111834,0.0
21.68091917037964,-39.67124407193872,49.85965892746118,0.0
21.70262098312378,-39.50184492060675,49.70215334477681,0.0
21.72061014175415,-39.49462981928528,49.11610170458209,0.0
21.73820400238037,-39.286840452608864,48.4312697884685,0.0
21.758437156677246,-39.42364616828799,47.70999703009055,0.0
21.778277158737183,-38.9674670310942,47.618153031658935,0.0
21.79926109313965,-38.860137458348156,47.38378778212045,0.0
21.82066011428833,-39.52241396867056,46.44583622216823,0.0
21.838240146636963,-39.16136002570983,46.266589661553084,0.0
21.859156131744385,-39.40783765674681,45.57573465653795,0.0
21.87848711013794,-39.20548021649099,45.43336575138154,0.0
21.898133039474487,-39.501457577880835,44.91669242902357,0.0
21.918567180633545,-40.00733784385547,44.05134978244165,0.0
21.93817114830017,-40.37438833646243,43.503706133843906,0.0
21.95811414718628,-40.04141610245123,43.44371341522664,0.0
21.979539155960083,-40.187247355089184,42.96342162503176,0.0
21.999544143676758,-38.82058602117117,42.8120375926537,0.0
22.01831316947937,-37.87862458244092,42.881870725597224,0.0
22.038891077041626,-38.429486747672215,42.25304772947379,0.0
22.058308124542236,-36.91720003083464,42.37913467039293,0.0
22.079516172409058,-37.15581807730334,41.866359995045386,0.0
22.09968400001526,-36.51478730156893,41.778892712043834,0.0
22.119168996810913,-35.246739676671844,41.686028352695786,0.0
22.13860011100769,-35.462837207355,40.97516658047245,0.0
22.15837597846985,-35.41044940438933,40.75514909986856,0.0
22.179473161697388,-35.665345349194936,39.98945291337636,0.0
22.19811701774597,-35.62227284965147,39.83058778244836,0.0
22.220704078674316,-36.57151182273235,39.03430881583941,0.0
22.238640069961548,-36.20698725621032,39.008216202628006,0.0
22.258304119110107,-35.46479712185923,38.538663413028,0.0
22.280506134033203,-35.75595501413634,37.92683544975376,0.0
22.297914028167725,-35.43080063664842,37.97997707131411,0.0
22.31885004043579,-35.05012644762484,37.848143160622584,0.0
22.33801817893982,-34.75221946368995,37.89900445059684,0.0
22.358819007873535,-34.60789023657924,37.84869634568106,0.0
22.377971172332764,-34.307862145826725,37.95297438958881,0.0
22.400209188461304,-36.22199693070835,37.41954863005265,0.0
22.42048406600952,-36.04730347271225,37.559622415222584,0.0
22.438241958618164,-37.580302266844924,36.928866962360225,0.0
22.45853018760681,-37.154391418238326,37.380759816539786,0.0
22.478249073028564,-37.64990376240088,37.413997474707855,0.0
22.498563051223755,-38.07629653357885,37.97609182469199,0.0
22.517997980117798,-38.19322512007236,38.300596275026514,0.0
22.53829598426819,-40.24490387158813,38.36755756014582,0.0
22.558258056640625,-39.833362522334376,39.04943795240102,0.0
22.579387187957764,-42.17177664704622,39.28296771356494,0.0
22.597939014434814,-42.084514099759744,39.601510501698215,0.0
22.619417190551758,-44.75135462339268,39.84421566921762,0.0
22.637916088104248,-44.45239188908454,40.18165388109095,0.0
22.6636061668396,-44.040439618184905,41.046738641288655,0.0
22.678500175476074,-43.76502853654433,41.45916164329656,0.0
22.698318004608154,-44.710008760636605,42.47619878744568,0.0
22.718701124191284,-44.33934643894796,43.68468507164362,0.0
22.739014148712158,-44.48990492507175,43.999134403182964,0.0
22.759325981140137,-43.54615590836804,45.116932648323555,0.0
22.7792911529541,-43.684017521763096,46.14726081991013,0.0
22.79886507987976,-44.46816173060628,46.94534953217544,0.0
22.819075107574463,-43.863317157979104,47.25379536384659,0.0
22.839493989944458,-43.994782017635416,47.93528531899115,0.0
22.85792303085327,-44.0307700806125,48.082358523445855,0.0
22.879194021224976,-44.444778564998515,48.705888980339225,0.0
22.897932052612305,-43.90727994549318,48.91133177045418,0.0
22.918709993362427,-43.61787554651206,48.98412757164748,0.0
22.938657999038696,-43.841148739011885,49.053100185127235,0.0
22.95805597305298,-44.04113701361644,49.44429860219239,0.0
22.97866201400757,-45.83728783352502,49.09950269098857,0.0
22.997883081436157,-46.38907465694371,48.904539963233226,0.0
23.01933717727661,-49.52984077357109,48.66787758849032,0.0
23.037961959838867,-50.049416726618176,48.51844519628185,0.0
23.05827808380127,-54.48525547282037,47.76113531219775,0.0
23.078996181488037,-57.12137585263513,47.467365784319064,0.0
23.098108053207397,-57.890240349127595,47.435403599598146,0.0
23.118179082870483,-57.58148464548875,47.40439824784154,0.0
23.138267040252686,-55.455440688837704,47.8187813148948,0.0
23.15940809249878,-55.897442610812156,47.636633011718686,0.0
23.178982973098755,-52.60399332069768,47.833081404907745,0.0
23.197890996932983,-52.978969775032844,47.678141470708404,0.0
23.218189001083374,-54.030831662194934,47.26599735081,0.0
23.23821210861206,-54.04514990338138,47.00706409520252,0.0
23.258231163024902,-53.569338469476754,46.75098925115517,0.0
23.278000116348267,-53.43636840317664,46.604562720965944,0.0
23.29831600189209,-52.835387987685316,46.24458672546281,0.0
23.319064140319824,-50.603125072246364,46.474481602347126,0.0
23.338950157165527,-51.136293025782756,46.20961840371446,3.552713678800501e-15
23.358139038085938,-50.58236810176561,45.850474623311925,0.0
23.378833055496216,-51.35972156394767,45.3474608308017,0.0
23.397989988327026,-51.414568319123426,45.12778943936023,0.0
23.418133974075317,-51.479289029905175,44.927599046369664,3.552713678800501e-15
23.438343048095703,-53.894130961825766,43.872646570064774,0.0
23.458054065704346,-53.156632271744,43.69326096627357,0.0
23.479066133499146,-54.84897441762057,42.8753194772842,0.0
23.49987506866455,-52.56735581228388,42.20898820036756,0.0
23.51846408843994,-52.98532738299251,41.79799882564596,0.0
23.53830099105835,-53.08900908015761,41.06275490747079,3.552713678800501e-15
23.558380126953125,-53.475006071890604,40.805464217597006,0.0
23.581422090530396,-55.65843433607252,39.667704426016584,0.0
23.600239992141724,-56.178397819842125,39.23837865464547,0.0
23.618218183517456,-57.740700616149056,37.7807344153555,0.0
23.637936115264893,-57.486956160133445,37.5029177866704,0.0
23.65855312347412,-59.19624857342045,36.45476220657012,0.0
23.679363012313843,-58.02209591598162,36.28255580142505,0.0
23.699467182159424,-58.35715331415872,36.108997998669295,0.0
23.723734140396118,-58.46624385806897,35.91354152579248,0.0
23.740275144577026,-56.771667708333894,35.67098490787192,0.0
23.75874400138855,-55.46784199488469,35.48053207167247,3.552713678800501e-15
23.778337955474854,-56.88782015278267,34.67750670209562,0.0
23.79796600341797,-56.732511537825026,34.57527550588706,0.0
23.819139003753662,-56.3048407712562,34.20864403332628,0.0
23.840206146240234,-54.85978284327557,34.20901937116076,-3.552713678800501e-15
23.858111143112183,-55.00597192003044,34.2842103078717,0.0
23.878610134124756,-53.12079025142293,35.00176016542474,0.0
23.89835500717163,-53.21693879772008,35.08940192833349,0.0
23.92567801475525,-53.49921983555675,35.111771925549306,-3.552713678800501e-15
23.938079118728638,-52.57582634911352,35.0183077560944,0.0
23.95781707763672,-52.077221665721204,35.04873023298591,0.0
23.97828197479248,-50.724915816029416,35.379668209866985,0.0
23.99983811378479,-48.11335033681716,36.3254905334861,0.0
24.018373012542725,-47.798897223770496,36.55263705817277,-3.552713678800501e-15
24.038830041885376,-45.82700359959593,37.35053135817484,0.0
24.05832815170288,-46.40389245348615,37.4972565369721,0.0
24.079100131988525,-45.1758066544239,38.0646820516839,0.0
24.09798312187195,-45.03598041754058,38.24752704674684,0.0
24.118978023529053,-44.64764320219766,38.66377146136115,0.0
24.137953996658325,-44.68700641993,38.867369072796556,-3.552713678800501e-15
24.159640073776245,-46.38839280682096,38.79692494448153,3.552713678800501e-15
24.178651094436646,-46.37868665140702,38.92241223762409,0.0
24.19797706604004,-48.008894248208975,38.95321214504801,0.0
24.219685077667236,-48.013196147301855,39.16969294566945,0.0
24.23801612854004,-48.44876875132677,39.04386622574316,3.552713678800501e-15
24.258892059326172,-46.82947331682787,39.670617340675015,0.0
24.278675079345703,-47.00691000642938,39.572287315371454,3.552713678800501e-15
24.298997163772583,-46.15693692198715,39.909585368195124,0.0
24.318175077438354,-44.570705402568734,40.36345070508675,0.0
24.33826518058777,-44.33516729008514,40.49334276100158,3.552713678800501e-15
24.358195066452026,-45.52379569309575,40.11245364818896,0.0
24.37808918952942,-45.612532663435104,40.10242489264445,0.0
24.39875316619873,-45.78168436573877,40.04886475530455,0.0
24.421054124832153,-48.08510410497096,39.27681392894698,3.552713678800501e-15
24.438682079315186,-47.9391404064539,39.33583572020047,0.0
24.458888053894043,-47.97817625519112,39.33889885686432,-3.552713678800501e-15
24.478291988372803,-49.26970264546448,38.96749518679903,0.0
24.498730182647705,-49.450301689198085,38.85067094725562,-3.552713678800501e-15
24.518131017684937,-49.76292063156875,38.80276529548017,0.0
24.538133144378662,-49.806019833773135,38.87639536072183,0.0
24.559936046600342,-49.960256509270764,38.77256674522275,-3.552713678800501e-15
24.58073401451111,-49.63948863534027,38.834099578890424,0.0
24.598026037216187,-49.643510858189074,38.923075222609306,0.0
24.618426084518433,-49.8280899423669,38.9549277371513,0.0
24.63792896270752,-49.89229327192855,39.03090074431951,0.0
24.658449172973633,-48.97165887867514,39.24892094857741,0.0
24.678122997283936,-49.074031526930995,39.333050612463744,-3.552713678800501e-15
24.703283071517944,-48.72547437404977,39.383300075023136,-3.552713678800501e-15
24.717933177947998,-49.11833258228417,39.33172280763357,0.0
24.73828411102295,-49.739668274577895,39.418673436489016,0.0
24.761474132537842,-49.2928102408722,39.587969932919904,0.0
24.777865171432495,-49.3550886056716,39.72610051208413,0.0
24.79817795753479,-48.90113550246969,40.01249528337948,3.552713678800501e-15
24.81938099861145,-49.33100527394307,39.854983458835726,0.0
24.838690996170044,-49.61331320392976,39.91255565330104,-3.552713678800501e-15
24.858644008636475,-49.3747716482582,40.12567402736022,0.0
24.880393981933594,-49.39514998893611,40.65647337974218,3.552713678800501e-15
24.89887499809265,-48.401440260904025,40.95126806938329,3.552713678800501e-15
24.917976140975952,-47.9710790301816,41.119060692594815,0.0
24.93836212158203,-47.550527545016074,41.2932552457881,-3.552713678800501e-15
24.95870018005371,-48.02960059594206,41.211321469203696,0.0
24.978722095489502,-47.66463478464652,41.36581099773458,0.0
24.997915029525757,-47.9349717058017,41.439218540045665,3.552713678800501e-15
25.01836895942688,-48.734379895290076,41.56248962919954,0.0
25.0385160446167,-51.2384497910832,41.1638230475525,0.0
25.05855703353882,-52.57468784350637,41.26999773128644,-3.552713678800501e-15
25.077883005142212,-52.26873545132565,41.44566908143916,3.552713678800501e-15
25.098674058914185,-51.804023236900846,41.74288385444608,0.0
25.1201331615448,-51.889068371505125,41.780606147219196,0.0
25.13826608657837,-50.70159985659953,42.18823656694766,0.0
25.158746004104614,-50.92399424604901,42.24123155100135,0.0
25.178351163864136,-51.04441277270613,42.5201349118357,0.0
25.198146104812622,-50.937576834252795,42.619519332524156,0.0
25.21822500228882,-50.15838780159616,42.79261620887239,-3.552713678800501e-15
25.237966060638428,-49.82389786217835,42.90246266996495,0.0
25.25797700881958,-49.90308865015379,43.00540297380058,0.0
25.278449058532715,-50.79103479919703,42.83495507751088,0.0
25.29879117012024,-50.30233813519866,43.04982020563354,3.552713678800501e-15
25.317973136901855,-50.30907480625245,43.04172276097459,0.0
25.338909149169922,-50.106327112260175,42.72842967014079,-3.552713678800501e-15
25.358962059020996,-50.51645445001254,42.6001207152821,0.0
25.377994060516357,-50.65178465357705,42.55792606964545,0.0
25.399989128112793,-51.72165758304832,42.57957612020405,0.0
25.418500185012817,-51.59042544373376,42.523481737463854,0.0
25.438395977020264,-51.36941672973933,42.607405423239214,3.552713678800501e-15
25.45824909210205,-51.19952915710236,42.663753806279054,0.0
25.477898120880127,-50.849914232046665,42.73245873288634,0.0
25.499757051467896,-50.922821557956134,42.507500452590776,0.0
25.52021598815918,-50.80128499871816,42.52638417086587,-3.552713678800501e-15
25.537935972213745,-50.93294138392058,42.5152589958639,-3.552713678800501e-15
25.55881118774414,-51.1079788415381,42.77329107139181,0.0
25.578399181365967,-51.090708973505116,42.67393770628804,0.0
25.599138975143433,-50.05092697402438,42.917116629151295,0.0
25.618024110794067,-50.17829258070019,42.926791914062704,0.0
25.63830304145813,-50.16239679872027,42.806391079541065,0.0
25.65790104866028,-50.361504031128305,42.79844319937227,0.0
25.678222179412842,-51.67979551287365,42.69226355574293,0.0
25.698379039764404,-51.63607262288547,42.74854889866995,0.0
25.718562126159668,-51.11495285870397,42.89411297662884,0.0
25.73950219154358,-51.39932805352533,43.28686140240673,0.0
25.757809162139893,-51.346409297531416,43.33590784624685,0.0
25.77822208404541,-50.230581584567105,43.48717958232184,0.0
25.799673080444336,-49.78985982873313,43.433407238949044,0.0
25.817901134490967,-49.85816605593091,43.344565734176,0.0
25.838767051696777,-51.26285584940852,43.07515612987625,0.0
25.85858917236328,-52.59182354787767,42.762781762286565,0.0
25.877998113632202,-52.62542128858748,42.693199383783075,0.0
25.898421049118042,-52.86730451071392,42.453849964775586,0.0
25.91790199279785,-52.86201379862761,42.41666328217228,0.0
25.938656091690063,-52.17875983726845,42.409874036946945,0.0
25.958428144454956,-52.25210338911937,42.42051907848725,0.0
25.977813959121704,-52.270444594442225,42.46225815813657,0.0
26.000941038131714,-52.167560221327236,42.52328232066456,0.0
26.019479990005493,-51.22363076241304,42.57351072586933,0.0
26.038262128829956,-51.2759582046003,42.51366983666932,0.0
26.05867910385132,-50.34817573406523,42.66911946690567,0.0
26.078001976013184,-49.52858627788462,42.70485297078457,0.0
26.101235151290894,-48.843681789002645,42.88771090016987,0.0
26.11792016029358,-48.878157896320694,42.88945890961511,0.0
26.141157150268555,-49.10708055038425,42.64333860062311,0.0
26.158102989196777,-49.230769362114174,42.62108437603776,0.0
26.18036198616028,-49.23274850362728,42.83465368661291,0.0
26.19800114631653,-49.377228845885234,42.764193057641975,0.0
26.219062089920044,-50.72919736964262,42.55570785049392,0.0
26.240214109420776,-50.507409665371696,42.57995583808878,0.0
26.258751153945923,-50.44229523918595,42.62939190366736,0.0
26.27819800376892,-50.556688980273066,42.68732646782176,0.0
26.299007177352905,-49.50886978489879,42.95012453013432,0.0
26.31796908378601,-49.22590016286626,43.07792702213592,0.0
26.338391065597534,-48.06674874132578,43.27179949850199,0.0
26.359760999679565,-47.63443290945175,43.2640122109296,-1.7763568394002505e-15
26.377947092056274,-47.572681737860556,43.35424262977863,0.0
26.39877700805664,-47.513282485576276,43.33745260205487,0.0
26.418612003326416,-47.44726969281369,43.400931092357645,1.7763568394002505e-15
26.43886399269104,-47.6187311393088,43.417798006988484,0.0
26.458799123764038,-47.71765159083023,43.45471592727098,0.0
26.48007607460022,-48.92364465032174,43.557825959559736,0.0
26.501970052719116,-49.04493283837398,43.57554737419114,0.0
26.518161058425903,-49.09483716283732,43.59119201505706,1.7763568394002505e-15
26.538213968276978,-48.768805279957846,43.75598036807059,0.0
26.56147003173828,-48.409674601844785,43.73665707446578,0.0
26.57856798171997,-48.82757184470313,43.693615998254955,0.0
26.59800410270691,-49.10272756821496,43.65498106232518,0.0
26.619035959243774,-49.302073419830386,43.64432656845859,0.0
26.638041973114014,-49.37960503930155,43.654970715938916,0.0
26.658522129058838,-49.64267940076067,43.779979019668275,-1.7763568394002505e-15
26.678481101989746,-50.24407414861995,43.68221170027753,0.0
26.698508977890015,-50.27290183010723,43.712518925789276,0.0
26.71836805343628,-50.317040200638665,43.76139681169654,0.0
26.739511966705322,-49.51804258643242,44.07361843096756,0.0
26.75883197784424,-49.588759875099164,44.0884034907956,0.0
26.777992010116577,-49.654843707497115,44.11588725983684,0.0
26.798437118530273,-49.94251764877449,44.13761574049696,1.7763568394002505e-15
26.818093061447144,-49.288430055341564,44.35134192513563,0.0
26.837975025177002,-49.26936592344691,44.33913659335958,0.0
26.858540058135986,-48.53542533469784,44.527774721308276,0.0
26.878892183303833,-48.450461765061355,44.69572886619878,-1.7763568394002505e-15
26.899481058120728,-48.335150309569315,44.77010863472229,0.0
26.918224096298218,-48.46153946919654,44.75203041854529,0.0
26.938292026519775,-47.984433129058985,44.36265497985286,0.0
26.958173036575317,-48.107166145269936,44.298888376136404,0.0
26.978337049484253,-48.088481077732446,44.47664138618558,0.0
26.998332023620605,-48.19029483928948,44.4698334325877,0.0
27.018418073654175,-48.2102998874082,44.42905114186444,-1.7763568394002505e-15
27.03873610496521,-47.78696709960681,44.446106319856675,0.0
27.058386087417603,-47.74750646699742,44.44127370137199,1.7763568394002505e-15
27.07838797569275,-47.52982566978468,44.857404927151904,1.7763568394002505e-15
27.098698139190674,-47.25184153368046,45.058228706254475,0.0
27.11792016029358,-47.23426912918069,45.0623210760445,0.0
27.138416051864624,-47.484598089604134,44.62478983692189,0.0
27.157929182052612,-47.550190057847175,44.62096214379353,0.0
27.17881202697754,-47.47873897252874,44.62837199101271,0.0
27.198299169540405,-47.66568352789992,44.59839265925029,0.0
27.21816110610962,-47.93088147727933,44.58765151221747,0.0
27.237909078598022,-47.909403000325966,44.59801718715492,0.0
27.258506059646606,-47.8799803587405,44.51881116081073,0.0
27.279865026474,-48.42577983913403,44.35550071361652,0.0
27.299156188964844,-48.764945098750474,44.220878240838914,0.0
27.318302154541016,-48.902341942807496,44.35451908404618,0.0
27.338226079940796,-49.17158660530426,44.15861886953127,0.0
27.358095169067383,-49.16199686308471,43.85213439823293,0.0
27.379736185073853,-48.67461912802412,42.25842996216532,0.0
27.39810609817505,-48.104299556528204,41.68911051111474,0.0
27.4219970703125,-43.54056251596347,42.231953861393926,0.0
27.438140153884888,-43.822221982703404,41.7110394847016,0.0
27.459243059158325,-40.147121466726176,42.532643821343015,0.0
27.477890014648438,-39.949763838546914,42.26603298569043,0.0
27.4988911151886,-37.593003090833804,43.19974037118328,1.7763568394002505e-15
27.51840114593506,-37.8009437960923,43.002086968344194,0.0
27.539132118225098,-37.97524770835836,43.45077666038625,0.0
27.558258056640625,-37.626308578541746,43.41733458843685,0.0
27.578283071517944,-36.0363179175035,44.63993949855476,0.0
27.59957504272461,-39.424565113394564,44.669473551536754,0.0
27.617942094802856,-39.57281898076563,44.54990597812439,0.0
27.63855004310608,-38.85220216980798,44.54833210117223,0.0
27.658069133758545,-38.838367315982566,44.47264012678966,0.0
27.67866015434265,-37.258009350274676,44.47947863523358,0.0
27.698187112808228,-37.42288077319429,44.41434595491157,0.0
27.718337059020996,-36.921896566086915,44.302743438220695,0.0
27.73828101158142,-37.131658118354665,44.249830732436514,0.0
27.75829315185547,-37.4398349520644,44.191003317349946,0.0
27.782355070114136,-37.52154788688429,44.15471037968881,0.0
27.79948115348816,-37.648505149497915,44.14152750560056,-8.881784197001252e-16
27.81821608543396,-37.773057201342255,44.00055060326721,0.0
27.838181018829346,-36.43376278011076,43.71675910739077,0.0
27.857969045639038,-36.38513084779322,43.83084783653488,0.0
27.878457069396973,-36.13663163011855,43.52272758956278,0.0
27.897956132888794,-36.44005461606538,43.42617526843185,0.0
27.918951988220215,-36.144423968867216,43.1002083274131,-8.881784197001252e-16
27.938358068466187,-35.609645831559874,42.899757895495334,0.0
27.957990169525146,-35.765211059734845,42.82999084880566,0.0
27.979109048843384,-35.66806265682309,42.421213038709794,0.0
27.99831795692444,-35.87736343543867,42.304489358966116,0.0
28.01802110671997,-35.96412767905291,42.25680019713542,0.0
28.042284965515137,-35.73004528112086,41.92282514220749,0.0
28.057936191558838,-36.02656151073669,41.75997256601737,0.0
28.078248023986816,-36.26234848738649,41.80312433929337,0.0
